Copyright 1986-2022 Xilinx, Inc. All Rights Reserved. Copyright 2022-2024 Advanced Micro Devices, Inc. All Rights Reserved.
---------------------------------------------------------------------------------------------------------------------------------------------------------------------------------------------------------------------
| Tool Version : Vivado v.2024.2 (win64) Build 5239630 Fri Nov 08 22:35:27 MST 2024
| Date         : Fri Oct  2 18:58:39 2026
| Host         : sigamaliiin running 64-bit major release  (build 9200)
| Command      : report_timing_summary -max_paths 10 -report_unconstrained -file NEXYS_A7_timing_summary_routed.rpt -pb NEXYS_A7_timing_summary_routed.pb -rpx NEXYS_A7_timing_summary_routed.rpx -warn_on_violation
| Design       : NEXYS_A7
| Device       : 7a100t-csg324
| Speed File   : -1  PRODUCTION 1.23 2018-06-13
| Design State : Routed
---------------------------------------------------------------------------------------------------------------------------------------------------------------------------------------------------------------------

Timing Summary Report

------------------------------------------------------------------------------------------------
| Timer Settings
| --------------
------------------------------------------------------------------------------------------------

  Enable Multi Corner Analysis               :  Yes
  Enable Pessimism Removal                   :  Yes
  Pessimism Removal Resolution               :  Nearest Common Node
  Enable Input Delay Default Clock           :  No
  Enable Preset / Clear Arcs                 :  No
  Disable Flight Delays                      :  No
  Ignore I/O Paths                           :  No
  Timing Early Launch at Borrowing Latches   :  No
  Borrow Time for Max Delay Exceptions       :  Yes
  Merge Timing Exceptions                    :  Yes
  Inter-SLR Compensation                     :  Conservative

  Corner  Analyze    Analyze    
  Name    Max Paths  Min Paths  
  ------  ---------  ---------  
  Slow    Yes        Yes        
  Fast    Yes        Yes        


------------------------------------------------------------------------------------------------
| Report Methodology
| ------------------
------------------------------------------------------------------------------------------------

Rule       Severity  Description                    Violations  
---------  --------  -----------------------------  ----------  
TIMING-18  Warning   Missing input or output delay  17          

Note: This report is based on the most recent report_methodology run and may not be up-to-date. Run report_methodology on the current design for the latest report.



check_timing report

Table of Contents
-----------------
1. checking no_clock (0)
2. checking constant_clock (0)
3. checking pulse_width_clock (0)
4. checking unconstrained_internal_endpoints (0)
5. checking no_input_delay (2)
6. checking no_output_delay (9)
7. checking multiple_clock (0)
8. checking generated_clocks (0)
9. checking loops (0)
10. checking partial_input_delay (0)
11. checking partial_output_delay (0)
12. checking latch_loops (0)

1. checking no_clock (0)
------------------------
 There are 0 register/latch pins with no clock.


2. checking constant_clock (0)
------------------------------
 There are 0 register/latch pins with constant_clock.


3. checking pulse_width_clock (0)
---------------------------------
 There are 0 register/latch pins which need pulse_width check


4. checking unconstrained_internal_endpoints (0)
------------------------------------------------
 There are 0 pins that are not constrained for maximum delay.

 There are 0 pins that are not constrained for maximum delay due to constant clock.


5. checking no_input_delay (2)
------------------------------
 There are 2 input ports with no input delay specified. (HIGH)

 There are 0 input ports with no input delay but user has a false path constraint.


6. checking no_output_delay (9)
-------------------------------
 There are 9 ports with no output delay specified. (HIGH)

 There are 0 ports with no output delay but user has a false path constraint

 There are 0 ports with no output delay but with a timing clock defined on it or propagating through it


7. checking multiple_clock (0)
------------------------------
 There are 0 register/latch pins with multiple clocks.


8. checking generated_clocks (0)
--------------------------------
 There are 0 generated clocks that are not connected to a clock source.


9. checking loops (0)
---------------------
 There are 0 combinational loops in the design.


10. checking partial_input_delay (0)
------------------------------------
 There are 0 input ports with partial input delay specified.


11. checking partial_output_delay (0)
-------------------------------------
 There are 0 ports with partial output delay specified.


12. checking latch_loops (0)
----------------------------
 There are 0 combinational latch loops in the design through latch input



------------------------------------------------------------------------------------------------
| Design Timing Summary
| ---------------------
------------------------------------------------------------------------------------------------

    WNS(ns)      TNS(ns)  TNS Failing Endpoints  TNS Total Endpoints      WHS(ns)      THS(ns)  THS Failing Endpoints  THS Total Endpoints     WPWS(ns)     TPWS(ns)  TPWS Failing Endpoints  TPWS Total Endpoints  
    -------      -------  ---------------------  -------------------      -------      -------  ---------------------  -------------------     --------     --------  ----------------------  --------------------  
      5.899        0.000                      0                  150        0.158        0.000                      0                  150        4.500        0.000                       0                    84  


All user specified timing constraints are met.


------------------------------------------------------------------------------------------------
| Clock Summary
| -------------
------------------------------------------------------------------------------------------------

Clock        Waveform(ns)       Period(ns)      Frequency(MHz)
-----        ------------       ----------      --------------
sys_clk_pin  {0.000 5.000}      10.000          100.000         


------------------------------------------------------------------------------------------------
| Intra Clock Table
| -----------------
------------------------------------------------------------------------------------------------

Clock             WNS(ns)      TNS(ns)  TNS Failing Endpoints  TNS Total Endpoints      WHS(ns)      THS(ns)  THS Failing Endpoints  THS Total Endpoints     WPWS(ns)     TPWS(ns)  TPWS Failing Endpoints  TPWS Total Endpoints  
-----             -------      -------  ---------------------  -------------------      -------      -------  ---------------------  -------------------     --------     --------  ----------------------  --------------------  
sys_clk_pin         5.899        0.000                      0                  150        0.158        0.000                      0                  150        4.500        0.000                       0                    84  


------------------------------------------------------------------------------------------------
| Inter Clock Table
| -----------------
------------------------------------------------------------------------------------------------

From Clock    To Clock          WNS(ns)      TNS(ns)  TNS Failing Endpoints  TNS Total Endpoints      WHS(ns)      THS(ns)  THS Failing Endpoints  THS Total Endpoints  
----------    --------          -------      -------  ---------------------  -------------------      -------      -------  ---------------------  -------------------  


------------------------------------------------------------------------------------------------
| Other Path Groups Table
| -----------------------
------------------------------------------------------------------------------------------------

Path Group    From Clock    To Clock          WNS(ns)      TNS(ns)  TNS Failing Endpoints  TNS Total Endpoints      WHS(ns)      THS(ns)  THS Failing Endpoints  THS Total Endpoints  
----------    ----------    --------          -------      -------  ---------------------  -------------------      -------      -------  ---------------------  -------------------  


------------------------------------------------------------------------------------------------
| User Ignored Path Table
| -----------------------
------------------------------------------------------------------------------------------------

Path Group    From Clock    To Clock    
----------    ----------    --------    


------------------------------------------------------------------------------------------------
| Unconstrained Path Table
| ------------------------
------------------------------------------------------------------------------------------------

Path Group    From Clock    To Clock    
----------    ----------    --------    
(none)        sys_clk_pin                 
(none)                      sys_clk_pin   


------------------------------------------------------------------------------------------------
| Timing Details
| --------------
------------------------------------------------------------------------------------------------


---------------------------------------------------------------------------------------------------
From Clock:  sys_clk_pin
  To Clock:  sys_clk_pin

Setup :            0  Failing Endpoints,  Worst Slack        5.899ns,  Total Violation        0.000ns
Hold  :            0  Failing Endpoints,  Worst Slack        0.158ns,  Total Violation        0.000ns
PW    :            0  Failing Endpoints,  Worst Slack        4.500ns,  Total Violation        0.000ns
---------------------------------------------------------------------------------------------------


Max Delay Paths
--------------------------------------------------------------------------------------
Slack (MET) :             5.899ns  (required time - arrival time)
  Source:                 top0/base_timer_r_reg[18]/C
                            (rising edge-triggered cell FDCE clocked by sys_clk_pin  {rise@0.000ns fall@5.000ns period=10.000ns})
  Destination:            top0/step_count_r_reg[1]/CE
                            (rising edge-triggered cell FDCE clocked by sys_clk_pin  {rise@0.000ns fall@5.000ns period=10.000ns})
  Path Group:             sys_clk_pin
  Path Type:              Setup (Max at Slow Process Corner)
  Requirement:            10.000ns  (sys_clk_pin rise@10.000ns - sys_clk_pin rise@0.000ns)
  Data Path Delay:        3.819ns  (logic 0.966ns (25.297%)  route 2.853ns (74.703%))
  Logic Levels:           3  (LUT3=1 LUT4=1 LUT5=1)
  Clock Path Skew:        -0.042ns (DCD - SCD + CPR)
    Destination Clock Delay (DCD):    5.025ns = ( 15.025 - 10.000 ) 
    Source Clock Delay      (SCD):    5.326ns
    Clock Pessimism Removal (CPR):    0.259ns
  Clock Uncertainty:      0.035ns  ((TSJ^2 + TIJ^2)^1/2 + DJ) / 2 + PE
    Total System Jitter     (TSJ):    0.071ns
    Total Input Jitter      (TIJ):    0.000ns
    Discrete Jitter          (DJ):    0.000ns
    Phase Error              (PE):    0.000ns

    Location             Delay type                Incr(ns)  Path(ns)    Netlist Resource(s)
  -------------------------------------------------------------------    -------------------
                         (clock sys_clk_pin rise edge)
                                                      0.000     0.000 r  
    E3                                                0.000     0.000 r  CLK100MHZ (IN)
                         net (fo=0)                   0.000     0.000    CLK100MHZ
    E3                   IBUF (Prop_ibuf_I_O)         1.482     1.482 r  CLK100MHZ_IBUF_inst/O
                         net (fo=1, routed)           2.025     3.506    CLK100MHZ_IBUF
    BUFGCTRL_X0Y16       BUFG (Prop_bufg_I_O)         0.096     3.602 r  CLK100MHZ_IBUF_BUFG_inst/O
                         net (fo=83, routed)          1.723     5.326    top0/CLK
    SLICE_X1Y89          FDCE                                         r  top0/base_timer_r_reg[18]/C
  -------------------------------------------------------------------    -------------------
    SLICE_X1Y89          FDCE (Prop_fdce_C_Q)         0.419     5.745 r  top0/base_timer_r_reg[18]/Q
                         net (fo=3, routed)           0.889     6.634    top0/base_timer_r[18]
    SLICE_X1Y89          LUT5 (Prop_lut5_I1_O)        0.299     6.933 f  top0/random_out_r[3]_i_4/O
                         net (fo=1, routed)           0.675     7.608    top0/random_out_r[3]_i_4_n_0
    SLICE_X2Y90          LUT4 (Prop_lut4_I0_O)        0.124     7.732 r  top0/random_out_r[3]_i_3/O
                         net (fo=24, routed)          0.667     8.399    top0/tick__19
    SLICE_X4Y89          LUT3 (Prop_lut3_I0_O)        0.124     8.523 r  top0/step_count_r[5]_i_1/O
                         net (fo=6, routed)           0.621     9.144    top0/step_count_r[5]_i_1_n_0
    SLICE_X4Y92          FDCE                                         r  top0/step_count_r_reg[1]/CE
  -------------------------------------------------------------------    -------------------

                         (clock sys_clk_pin rise edge)
                                                     10.000    10.000 r  
    E3                                                0.000    10.000 r  CLK100MHZ (IN)
                         net (fo=0)                   0.000    10.000    CLK100MHZ
    E3                   IBUF (Prop_ibuf_I_O)         1.411    11.411 r  CLK100MHZ_IBUF_inst/O
                         net (fo=1, routed)           1.920    13.331    CLK100MHZ_IBUF
    BUFGCTRL_X0Y16       BUFG (Prop_bufg_I_O)         0.091    13.422 r  CLK100MHZ_IBUF_BUFG_inst/O
                         net (fo=83, routed)          1.602    15.025    top0/CLK
    SLICE_X4Y92          FDCE                                         r  top0/step_count_r_reg[1]/C
                         clock pessimism              0.259    15.284    
                         clock uncertainty           -0.035    15.248    
    SLICE_X4Y92          FDCE (Setup_fdce_C_CE)      -0.205    15.043    top0/step_count_r_reg[1]
  -------------------------------------------------------------------
                         required time                         15.043    
                         arrival time                          -9.144    
  -------------------------------------------------------------------
                         slack                                  5.899    

Slack (MET) :             6.175ns  (required time - arrival time)
  Source:                 top0/base_timer_r_reg[18]/C
                            (rising edge-triggered cell FDCE clocked by sys_clk_pin  {rise@0.000ns fall@5.000ns period=10.000ns})
  Destination:            top0/step_count_r_reg[0]/CE
                            (rising edge-triggered cell FDCE clocked by sys_clk_pin  {rise@0.000ns fall@5.000ns period=10.000ns})
  Path Group:             sys_clk_pin
  Path Type:              Setup (Max at Slow Process Corner)
  Requirement:            10.000ns  (sys_clk_pin rise@10.000ns - sys_clk_pin rise@0.000ns)
  Data Path Delay:        3.541ns  (logic 0.966ns (27.277%)  route 2.575ns (72.723%))
  Logic Levels:           3  (LUT3=1 LUT4=1 LUT5=1)
  Clock Path Skew:        -0.043ns (DCD - SCD + CPR)
    Destination Clock Delay (DCD):    5.024ns = ( 15.024 - 10.000 ) 
    Source Clock Delay      (SCD):    5.326ns
    Clock Pessimism Removal (CPR):    0.259ns
  Clock Uncertainty:      0.035ns  ((TSJ^2 + TIJ^2)^1/2 + DJ) / 2 + PE
    Total System Jitter     (TSJ):    0.071ns
    Total Input Jitter      (TIJ):    0.000ns
    Discrete Jitter          (DJ):    0.000ns
    Phase Error              (PE):    0.000ns

    Location             Delay type                Incr(ns)  Path(ns)    Netlist Resource(s)
  -------------------------------------------------------------------    -------------------
                         (clock sys_clk_pin rise edge)
                                                      0.000     0.000 r  
    E3                                                0.000     0.000 r  CLK100MHZ (IN)
                         net (fo=0)                   0.000     0.000    CLK100MHZ
    E3                   IBUF (Prop_ibuf_I_O)         1.482     1.482 r  CLK100MHZ_IBUF_inst/O
                         net (fo=1, routed)           2.025     3.506    CLK100MHZ_IBUF
    BUFGCTRL_X0Y16       BUFG (Prop_bufg_I_O)         0.096     3.602 r  CLK100MHZ_IBUF_BUFG_inst/O
                         net (fo=83, routed)          1.723     5.326    top0/CLK
    SLICE_X1Y89          FDCE                                         r  top0/base_timer_r_reg[18]/C
  -------------------------------------------------------------------    -------------------
    SLICE_X1Y89          FDCE (Prop_fdce_C_Q)         0.419     5.745 r  top0/base_timer_r_reg[18]/Q
                         net (fo=3, routed)           0.889     6.634    top0/base_timer_r[18]
    SLICE_X1Y89          LUT5 (Prop_lut5_I1_O)        0.299     6.933 f  top0/random_out_r[3]_i_4/O
                         net (fo=1, routed)           0.675     7.608    top0/random_out_r[3]_i_4_n_0
    SLICE_X2Y90          LUT4 (Prop_lut4_I0_O)        0.124     7.732 r  top0/random_out_r[3]_i_3/O
                         net (fo=24, routed)          0.667     8.399    top0/tick__19
    SLICE_X4Y89          LUT3 (Prop_lut3_I0_O)        0.124     8.523 r  top0/step_count_r[5]_i_1/O
                         net (fo=6, routed)           0.344     8.867    top0/step_count_r[5]_i_1_n_0
    SLICE_X5Y90          FDCE                                         r  top0/step_count_r_reg[0]/CE
  -------------------------------------------------------------------    -------------------

                         (clock sys_clk_pin rise edge)
                                                     10.000    10.000 r  
    E3                                                0.000    10.000 r  CLK100MHZ (IN)
                         net (fo=0)                   0.000    10.000    CLK100MHZ
    E3                   IBUF (Prop_ibuf_I_O)         1.411    11.411 r  CLK100MHZ_IBUF_inst/O
                         net (fo=1, routed)           1.920    13.331    CLK100MHZ_IBUF
    BUFGCTRL_X0Y16       BUFG (Prop_bufg_I_O)         0.091    13.422 r  CLK100MHZ_IBUF_BUFG_inst/O
                         net (fo=83, routed)          1.601    15.024    top0/CLK
    SLICE_X5Y90          FDCE                                         r  top0/step_count_r_reg[0]/C
                         clock pessimism              0.259    15.283    
                         clock uncertainty           -0.035    15.247    
    SLICE_X5Y90          FDCE (Setup_fdce_C_CE)      -0.205    15.042    top0/step_count_r_reg[0]
  -------------------------------------------------------------------
                         required time                         15.042    
                         arrival time                          -8.867    
  -------------------------------------------------------------------
                         slack                                  6.175    

Slack (MET) :             6.175ns  (required time - arrival time)
  Source:                 top0/base_timer_r_reg[18]/C
                            (rising edge-triggered cell FDCE clocked by sys_clk_pin  {rise@0.000ns fall@5.000ns period=10.000ns})
  Destination:            top0/step_count_r_reg[2]/CE
                            (rising edge-triggered cell FDCE clocked by sys_clk_pin  {rise@0.000ns fall@5.000ns period=10.000ns})
  Path Group:             sys_clk_pin
  Path Type:              Setup (Max at Slow Process Corner)
  Requirement:            10.000ns  (sys_clk_pin rise@10.000ns - sys_clk_pin rise@0.000ns)
  Data Path Delay:        3.541ns  (logic 0.966ns (27.277%)  route 2.575ns (72.723%))
  Logic Levels:           3  (LUT3=1 LUT4=1 LUT5=1)
  Clock Path Skew:        -0.043ns (DCD - SCD + CPR)
    Destination Clock Delay (DCD):    5.024ns = ( 15.024 - 10.000 ) 
    Source Clock Delay      (SCD):    5.326ns
    Clock Pessimism Removal (CPR):    0.259ns
  Clock Uncertainty:      0.035ns  ((TSJ^2 + TIJ^2)^1/2 + DJ) / 2 + PE
    Total System Jitter     (TSJ):    0.071ns
    Total Input Jitter      (TIJ):    0.000ns
    Discrete Jitter          (DJ):    0.000ns
    Phase Error              (PE):    0.000ns

    Location             Delay type                Incr(ns)  Path(ns)    Netlist Resource(s)
  -------------------------------------------------------------------    -------------------
                         (clock sys_clk_pin rise edge)
                                                      0.000     0.000 r  
    E3                                                0.000     0.000 r  CLK100MHZ (IN)
                         net (fo=0)                   0.000     0.000    CLK100MHZ
    E3                   IBUF (Prop_ibuf_I_O)         1.482     1.482 r  CLK100MHZ_IBUF_inst/O
                         net (fo=1, routed)           2.025     3.506    CLK100MHZ_IBUF
    BUFGCTRL_X0Y16       BUFG (Prop_bufg_I_O)         0.096     3.602 r  CLK100MHZ_IBUF_BUFG_inst/O
                         net (fo=83, routed)          1.723     5.326    top0/CLK
    SLICE_X1Y89          FDCE                                         r  top0/base_timer_r_reg[18]/C
  -------------------------------------------------------------------    -------------------
    SLICE_X1Y89          FDCE (Prop_fdce_C_Q)         0.419     5.745 r  top0/base_timer_r_reg[18]/Q
                         net (fo=3, routed)           0.889     6.634    top0/base_timer_r[18]
    SLICE_X1Y89          LUT5 (Prop_lut5_I1_O)        0.299     6.933 f  top0/random_out_r[3]_i_4/O
                         net (fo=1, routed)           0.675     7.608    top0/random_out_r[3]_i_4_n_0
    SLICE_X2Y90          LUT4 (Prop_lut4_I0_O)        0.124     7.732 r  top0/random_out_r[3]_i_3/O
                         net (fo=24, routed)          0.667     8.399    top0/tick__19
    SLICE_X4Y89          LUT3 (Prop_lut3_I0_O)        0.124     8.523 r  top0/step_count_r[5]_i_1/O
                         net (fo=6, routed)           0.344     8.867    top0/step_count_r[5]_i_1_n_0
    SLICE_X5Y90          FDCE                                         r  top0/step_count_r_reg[2]/CE
  -------------------------------------------------------------------    -------------------

                         (clock sys_clk_pin rise edge)
                                                     10.000    10.000 r  
    E3                                                0.000    10.000 r  CLK100MHZ (IN)
                         net (fo=0)                   0.000    10.000    CLK100MHZ
    E3                   IBUF (Prop_ibuf_I_O)         1.411    11.411 r  CLK100MHZ_IBUF_inst/O
                         net (fo=1, routed)           1.920    13.331    CLK100MHZ_IBUF
    BUFGCTRL_X0Y16       BUFG (Prop_bufg_I_O)         0.091    13.422 r  CLK100MHZ_IBUF_BUFG_inst/O
                         net (fo=83, routed)          1.601    15.024    top0/CLK
    SLICE_X5Y90          FDCE                                         r  top0/step_count_r_reg[2]/C
                         clock pessimism              0.259    15.283    
                         clock uncertainty           -0.035    15.247    
    SLICE_X5Y90          FDCE (Setup_fdce_C_CE)      -0.205    15.042    top0/step_count_r_reg[2]
  -------------------------------------------------------------------
                         required time                         15.042    
                         arrival time                          -8.867    
  -------------------------------------------------------------------
                         slack                                  6.175    

Slack (MET) :             6.175ns  (required time - arrival time)
  Source:                 top0/base_timer_r_reg[18]/C
                            (rising edge-triggered cell FDCE clocked by sys_clk_pin  {rise@0.000ns fall@5.000ns period=10.000ns})
  Destination:            top0/step_count_r_reg[3]/CE
                            (rising edge-triggered cell FDCE clocked by sys_clk_pin  {rise@0.000ns fall@5.000ns period=10.000ns})
  Path Group:             sys_clk_pin
  Path Type:              Setup (Max at Slow Process Corner)
  Requirement:            10.000ns  (sys_clk_pin rise@10.000ns - sys_clk_pin rise@0.000ns)
  Data Path Delay:        3.541ns  (logic 0.966ns (27.277%)  route 2.575ns (72.723%))
  Logic Levels:           3  (LUT3=1 LUT4=1 LUT5=1)
  Clock Path Skew:        -0.043ns (DCD - SCD + CPR)
    Destination Clock Delay (DCD):    5.024ns = ( 15.024 - 10.000 ) 
    Source Clock Delay      (SCD):    5.326ns
    Clock Pessimism Removal (CPR):    0.259ns
  Clock Uncertainty:      0.035ns  ((TSJ^2 + TIJ^2)^1/2 + DJ) / 2 + PE
    Total System Jitter     (TSJ):    0.071ns
    Total Input Jitter      (TIJ):    0.000ns
    Discrete Jitter          (DJ):    0.000ns
    Phase Error              (PE):    0.000ns

    Location             Delay type                Incr(ns)  Path(ns)    Netlist Resource(s)
  -------------------------------------------------------------------    -------------------
                         (clock sys_clk_pin rise edge)
                                                      0.000     0.000 r  
    E3                                                0.000     0.000 r  CLK100MHZ (IN)
                         net (fo=0)                   0.000     0.000    CLK100MHZ
    E3                   IBUF (Prop_ibuf_I_O)         1.482     1.482 r  CLK100MHZ_IBUF_inst/O
                         net (fo=1, routed)           2.025     3.506    CLK100MHZ_IBUF
    BUFGCTRL_X0Y16       BUFG (Prop_bufg_I_O)         0.096     3.602 r  CLK100MHZ_IBUF_BUFG_inst/O
                         net (fo=83, routed)          1.723     5.326    top0/CLK
    SLICE_X1Y89          FDCE                                         r  top0/base_timer_r_reg[18]/C
  -------------------------------------------------------------------    -------------------
    SLICE_X1Y89          FDCE (Prop_fdce_C_Q)         0.419     5.745 r  top0/base_timer_r_reg[18]/Q
                         net (fo=3, routed)           0.889     6.634    top0/base_timer_r[18]
    SLICE_X1Y89          LUT5 (Prop_lut5_I1_O)        0.299     6.933 f  top0/random_out_r[3]_i_4/O
                         net (fo=1, routed)           0.675     7.608    top0/random_out_r[3]_i_4_n_0
    SLICE_X2Y90          LUT4 (Prop_lut4_I0_O)        0.124     7.732 r  top0/random_out_r[3]_i_3/O
                         net (fo=24, routed)          0.667     8.399    top0/tick__19
    SLICE_X4Y89          LUT3 (Prop_lut3_I0_O)        0.124     8.523 r  top0/step_count_r[5]_i_1/O
                         net (fo=6, routed)           0.344     8.867    top0/step_count_r[5]_i_1_n_0
    SLICE_X5Y90          FDCE                                         r  top0/step_count_r_reg[3]/CE
  -------------------------------------------------------------------    -------------------

                         (clock sys_clk_pin rise edge)
                                                     10.000    10.000 r  
    E3                                                0.000    10.000 r  CLK100MHZ (IN)
                         net (fo=0)                   0.000    10.000    CLK100MHZ
    E3                   IBUF (Prop_ibuf_I_O)         1.411    11.411 r  CLK100MHZ_IBUF_inst/O
                         net (fo=1, routed)           1.920    13.331    CLK100MHZ_IBUF
    BUFGCTRL_X0Y16       BUFG (Prop_bufg_I_O)         0.091    13.422 r  CLK100MHZ_IBUF_BUFG_inst/O
                         net (fo=83, routed)          1.601    15.024    top0/CLK
    SLICE_X5Y90          FDCE                                         r  top0/step_count_r_reg[3]/C
                         clock pessimism              0.259    15.283    
                         clock uncertainty           -0.035    15.247    
    SLICE_X5Y90          FDCE (Setup_fdce_C_CE)      -0.205    15.042    top0/step_count_r_reg[3]
  -------------------------------------------------------------------
                         required time                         15.042    
                         arrival time                          -8.867    
  -------------------------------------------------------------------
                         slack                                  6.175    

Slack (MET) :             6.175ns  (required time - arrival time)
  Source:                 top0/base_timer_r_reg[18]/C
                            (rising edge-triggered cell FDCE clocked by sys_clk_pin  {rise@0.000ns fall@5.000ns period=10.000ns})
  Destination:            top0/step_count_r_reg[4]/CE
                            (rising edge-triggered cell FDCE clocked by sys_clk_pin  {rise@0.000ns fall@5.000ns period=10.000ns})
  Path Group:             sys_clk_pin
  Path Type:              Setup (Max at Slow Process Corner)
  Requirement:            10.000ns  (sys_clk_pin rise@10.000ns - sys_clk_pin rise@0.000ns)
  Data Path Delay:        3.541ns  (logic 0.966ns (27.277%)  route 2.575ns (72.723%))
  Logic Levels:           3  (LUT3=1 LUT4=1 LUT5=1)
  Clock Path Skew:        -0.043ns (DCD - SCD + CPR)
    Destination Clock Delay (DCD):    5.024ns = ( 15.024 - 10.000 ) 
    Source Clock Delay      (SCD):    5.326ns
    Clock Pessimism Removal (CPR):    0.259ns
  Clock Uncertainty:      0.035ns  ((TSJ^2 + TIJ^2)^1/2 + DJ) / 2 + PE
    Total System Jitter     (TSJ):    0.071ns
    Total Input Jitter      (TIJ):    0.000ns
    Discrete Jitter          (DJ):    0.000ns
    Phase Error              (PE):    0.000ns

    Location             Delay type                Incr(ns)  Path(ns)    Netlist Resource(s)
  -------------------------------------------------------------------    -------------------
                         (clock sys_clk_pin rise edge)
                                                      0.000     0.000 r  
    E3                                                0.000     0.000 r  CLK100MHZ (IN)
                         net (fo=0)                   0.000     0.000    CLK100MHZ
    E3                   IBUF (Prop_ibuf_I_O)         1.482     1.482 r  CLK100MHZ_IBUF_inst/O
                         net (fo=1, routed)           2.025     3.506    CLK100MHZ_IBUF
    BUFGCTRL_X0Y16       BUFG (Prop_bufg_I_O)         0.096     3.602 r  CLK100MHZ_IBUF_BUFG_inst/O
                         net (fo=83, routed)          1.723     5.326    top0/CLK
    SLICE_X1Y89          FDCE                                         r  top0/base_timer_r_reg[18]/C
  -------------------------------------------------------------------    -------------------
    SLICE_X1Y89          FDCE (Prop_fdce_C_Q)         0.419     5.745 r  top0/base_timer_r_reg[18]/Q
                         net (fo=3, routed)           0.889     6.634    top0/base_timer_r[18]
    SLICE_X1Y89          LUT5 (Prop_lut5_I1_O)        0.299     6.933 f  top0/random_out_r[3]_i_4/O
                         net (fo=1, routed)           0.675     7.608    top0/random_out_r[3]_i_4_n_0
    SLICE_X2Y90          LUT4 (Prop_lut4_I0_O)        0.124     7.732 r  top0/random_out_r[3]_i_3/O
                         net (fo=24, routed)          0.667     8.399    top0/tick__19
    SLICE_X4Y89          LUT3 (Prop_lut3_I0_O)        0.124     8.523 r  top0/step_count_r[5]_i_1/O
                         net (fo=6, routed)           0.344     8.867    top0/step_count_r[5]_i_1_n_0
    SLICE_X5Y90          FDCE                                         r  top0/step_count_r_reg[4]/CE
  -------------------------------------------------------------------    -------------------

                         (clock sys_clk_pin rise edge)
                                                     10.000    10.000 r  
    E3                                                0.000    10.000 r  CLK100MHZ (IN)
                         net (fo=0)                   0.000    10.000    CLK100MHZ
    E3                   IBUF (Prop_ibuf_I_O)         1.411    11.411 r  CLK100MHZ_IBUF_inst/O
                         net (fo=1, routed)           1.920    13.331    CLK100MHZ_IBUF
    BUFGCTRL_X0Y16       BUFG (Prop_bufg_I_O)         0.091    13.422 r  CLK100MHZ_IBUF_BUFG_inst/O
                         net (fo=83, routed)          1.601    15.024    top0/CLK
    SLICE_X5Y90          FDCE                                         r  top0/step_count_r_reg[4]/C
                         clock pessimism              0.259    15.283    
                         clock uncertainty           -0.035    15.247    
    SLICE_X5Y90          FDCE (Setup_fdce_C_CE)      -0.205    15.042    top0/step_count_r_reg[4]
  -------------------------------------------------------------------
                         required time                         15.042    
                         arrival time                          -8.867    
  -------------------------------------------------------------------
                         slack                                  6.175    

Slack (MET) :             6.175ns  (required time - arrival time)
  Source:                 top0/base_timer_r_reg[18]/C
                            (rising edge-triggered cell FDCE clocked by sys_clk_pin  {rise@0.000ns fall@5.000ns period=10.000ns})
  Destination:            top0/step_count_r_reg[5]/CE
                            (rising edge-triggered cell FDCE clocked by sys_clk_pin  {rise@0.000ns fall@5.000ns period=10.000ns})
  Path Group:             sys_clk_pin
  Path Type:              Setup (Max at Slow Process Corner)
  Requirement:            10.000ns  (sys_clk_pin rise@10.000ns - sys_clk_pin rise@0.000ns)
  Data Path Delay:        3.541ns  (logic 0.966ns (27.277%)  route 2.575ns (72.723%))
  Logic Levels:           3  (LUT3=1 LUT4=1 LUT5=1)
  Clock Path Skew:        -0.043ns (DCD - SCD + CPR)
    Destination Clock Delay (DCD):    5.024ns = ( 15.024 - 10.000 ) 
    Source Clock Delay      (SCD):    5.326ns
    Clock Pessimism Removal (CPR):    0.259ns
  Clock Uncertainty:      0.035ns  ((TSJ^2 + TIJ^2)^1/2 + DJ) / 2 + PE
    Total System Jitter     (TSJ):    0.071ns
    Total Input Jitter      (TIJ):    0.000ns
    Discrete Jitter          (DJ):    0.000ns
    Phase Error              (PE):    0.000ns

    Location             Delay type                Incr(ns)  Path(ns)    Netlist Resource(s)
  -------------------------------------------------------------------    -------------------
                         (clock sys_clk_pin rise edge)
                                                      0.000     0.000 r  
    E3                                                0.000     0.000 r  CLK100MHZ (IN)
                         net (fo=0)                   0.000     0.000    CLK100MHZ
    E3                   IBUF (Prop_ibuf_I_O)         1.482     1.482 r  CLK100MHZ_IBUF_inst/O
                         net (fo=1, routed)           2.025     3.506    CLK100MHZ_IBUF
    BUFGCTRL_X0Y16       BUFG (Prop_bufg_I_O)         0.096     3.602 r  CLK100MHZ_IBUF_BUFG_inst/O
                         net (fo=83, routed)          1.723     5.326    top0/CLK
    SLICE_X1Y89          FDCE                                         r  top0/base_timer_r_reg[18]/C
  -------------------------------------------------------------------    -------------------
    SLICE_X1Y89          FDCE (Prop_fdce_C_Q)         0.419     5.745 r  top0/base_timer_r_reg[18]/Q
                         net (fo=3, routed)           0.889     6.634    top0/base_timer_r[18]
    SLICE_X1Y89          LUT5 (Prop_lut5_I1_O)        0.299     6.933 f  top0/random_out_r[3]_i_4/O
                         net (fo=1, routed)           0.675     7.608    top0/random_out_r[3]_i_4_n_0
    SLICE_X2Y90          LUT4 (Prop_lut4_I0_O)        0.124     7.732 r  top0/random_out_r[3]_i_3/O
                         net (fo=24, routed)          0.667     8.399    top0/tick__19
    SLICE_X4Y89          LUT3 (Prop_lut3_I0_O)        0.124     8.523 r  top0/step_count_r[5]_i_1/O
                         net (fo=6, routed)           0.344     8.867    top0/step_count_r[5]_i_1_n_0
    SLICE_X5Y90          FDCE                                         r  top0/step_count_r_reg[5]/CE
  -------------------------------------------------------------------    -------------------

                         (clock sys_clk_pin rise edge)
                                                     10.000    10.000 r  
    E3                                                0.000    10.000 r  CLK100MHZ (IN)
                         net (fo=0)                   0.000    10.000    CLK100MHZ
    E3                   IBUF (Prop_ibuf_I_O)         1.411    11.411 r  CLK100MHZ_IBUF_inst/O
                         net (fo=1, routed)           1.920    13.331    CLK100MHZ_IBUF
    BUFGCTRL_X0Y16       BUFG (Prop_bufg_I_O)         0.091    13.422 r  CLK100MHZ_IBUF_BUFG_inst/O
                         net (fo=83, routed)          1.601    15.024    top0/CLK
    SLICE_X5Y90          FDCE                                         r  top0/step_count_r_reg[5]/C
                         clock pessimism              0.259    15.283    
                         clock uncertainty           -0.035    15.247    
    SLICE_X5Y90          FDCE (Setup_fdce_C_CE)      -0.205    15.042    top0/step_count_r_reg[5]
  -------------------------------------------------------------------
                         required time                         15.042    
                         arrival time                          -8.867    
  -------------------------------------------------------------------
                         slack                                  6.175    

Slack (MET) :             6.365ns  (required time - arrival time)
  Source:                 top0/base_timer_r_reg[18]/C
                            (rising edge-triggered cell FDCE clocked by sys_clk_pin  {rise@0.000ns fall@5.000ns period=10.000ns})
  Destination:            top0/random_out_r_reg[0]/CE
                            (rising edge-triggered cell FDCE clocked by sys_clk_pin  {rise@0.000ns fall@5.000ns period=10.000ns})
  Path Group:             sys_clk_pin
  Path Type:              Setup (Max at Slow Process Corner)
  Requirement:            10.000ns  (sys_clk_pin rise@10.000ns - sys_clk_pin rise@0.000ns)
  Data Path Delay:        3.370ns  (logic 0.966ns (28.663%)  route 2.404ns (71.337%))
  Logic Levels:           3  (LUT3=1 LUT4=1 LUT5=1)
  Clock Path Skew:        -0.024ns (DCD - SCD + CPR)
    Destination Clock Delay (DCD):    5.027ns = ( 15.027 - 10.000 ) 
    Source Clock Delay      (SCD):    5.326ns
    Clock Pessimism Removal (CPR):    0.275ns
  Clock Uncertainty:      0.035ns  ((TSJ^2 + TIJ^2)^1/2 + DJ) / 2 + PE
    Total System Jitter     (TSJ):    0.071ns
    Total Input Jitter      (TIJ):    0.000ns
    Discrete Jitter          (DJ):    0.000ns
    Phase Error              (PE):    0.000ns

    Location             Delay type                Incr(ns)  Path(ns)    Netlist Resource(s)
  -------------------------------------------------------------------    -------------------
                         (clock sys_clk_pin rise edge)
                                                      0.000     0.000 r  
    E3                                                0.000     0.000 r  CLK100MHZ (IN)
                         net (fo=0)                   0.000     0.000    CLK100MHZ
    E3                   IBUF (Prop_ibuf_I_O)         1.482     1.482 r  CLK100MHZ_IBUF_inst/O
                         net (fo=1, routed)           2.025     3.506    CLK100MHZ_IBUF
    BUFGCTRL_X0Y16       BUFG (Prop_bufg_I_O)         0.096     3.602 r  CLK100MHZ_IBUF_BUFG_inst/O
                         net (fo=83, routed)          1.723     5.326    top0/CLK
    SLICE_X1Y89          FDCE                                         r  top0/base_timer_r_reg[18]/C
  -------------------------------------------------------------------    -------------------
    SLICE_X1Y89          FDCE (Prop_fdce_C_Q)         0.419     5.745 r  top0/base_timer_r_reg[18]/Q
                         net (fo=3, routed)           0.889     6.634    top0/base_timer_r[18]
    SLICE_X1Y89          LUT5 (Prop_lut5_I1_O)        0.299     6.933 f  top0/random_out_r[3]_i_4/O
                         net (fo=1, routed)           0.675     7.608    top0/random_out_r[3]_i_4_n_0
    SLICE_X2Y90          LUT4 (Prop_lut4_I0_O)        0.124     7.732 r  top0/random_out_r[3]_i_3/O
                         net (fo=24, routed)          0.365     8.098    top0/tick__19
    SLICE_X3Y90          LUT3 (Prop_lut3_I2_O)        0.124     8.222 r  top0/random_out_r[3]_i_1/O
                         net (fo=4, routed)           0.474     8.696    top0/random_out_r[3]_i_1_n_0
    SLICE_X3Y91          FDCE                                         r  top0/random_out_r_reg[0]/CE
  -------------------------------------------------------------------    -------------------

                         (clock sys_clk_pin rise edge)
                                                     10.000    10.000 r  
    E3                                                0.000    10.000 r  CLK100MHZ (IN)
                         net (fo=0)                   0.000    10.000    CLK100MHZ
    E3                   IBUF (Prop_ibuf_I_O)         1.411    11.411 r  CLK100MHZ_IBUF_inst/O
                         net (fo=1, routed)           1.920    13.331    CLK100MHZ_IBUF
    BUFGCTRL_X0Y16       BUFG (Prop_bufg_I_O)         0.091    13.422 r  CLK100MHZ_IBUF_BUFG_inst/O
                         net (fo=83, routed)          1.604    15.027    top0/CLK
    SLICE_X3Y91          FDCE                                         r  top0/random_out_r_reg[0]/C
                         clock pessimism              0.275    15.302    
                         clock uncertainty           -0.035    15.266    
    SLICE_X3Y91          FDCE (Setup_fdce_C_CE)      -0.205    15.061    top0/random_out_r_reg[0]
  -------------------------------------------------------------------
                         required time                         15.061    
                         arrival time                          -8.696    
  -------------------------------------------------------------------
                         slack                                  6.365    

Slack (MET) :             6.365ns  (required time - arrival time)
  Source:                 top0/base_timer_r_reg[18]/C
                            (rising edge-triggered cell FDCE clocked by sys_clk_pin  {rise@0.000ns fall@5.000ns period=10.000ns})
  Destination:            top0/random_out_r_reg[1]/CE
                            (rising edge-triggered cell FDCE clocked by sys_clk_pin  {rise@0.000ns fall@5.000ns period=10.000ns})
  Path Group:             sys_clk_pin
  Path Type:              Setup (Max at Slow Process Corner)
  Requirement:            10.000ns  (sys_clk_pin rise@10.000ns - sys_clk_pin rise@0.000ns)
  Data Path Delay:        3.370ns  (logic 0.966ns (28.663%)  route 2.404ns (71.337%))
  Logic Levels:           3  (LUT3=1 LUT4=1 LUT5=1)
  Clock Path Skew:        -0.024ns (DCD - SCD + CPR)
    Destination Clock Delay (DCD):    5.027ns = ( 15.027 - 10.000 ) 
    Source Clock Delay      (SCD):    5.326ns
    Clock Pessimism Removal (CPR):    0.275ns
  Clock Uncertainty:      0.035ns  ((TSJ^2 + TIJ^2)^1/2 + DJ) / 2 + PE
    Total System Jitter     (TSJ):    0.071ns
    Total Input Jitter      (TIJ):    0.000ns
    Discrete Jitter          (DJ):    0.000ns
    Phase Error              (PE):    0.000ns

    Location             Delay type                Incr(ns)  Path(ns)    Netlist Resource(s)
  -------------------------------------------------------------------    -------------------
                         (clock sys_clk_pin rise edge)
                                                      0.000     0.000 r  
    E3                                                0.000     0.000 r  CLK100MHZ (IN)
                         net (fo=0)                   0.000     0.000    CLK100MHZ
    E3                   IBUF (Prop_ibuf_I_O)         1.482     1.482 r  CLK100MHZ_IBUF_inst/O
                         net (fo=1, routed)           2.025     3.506    CLK100MHZ_IBUF
    BUFGCTRL_X0Y16       BUFG (Prop_bufg_I_O)         0.096     3.602 r  CLK100MHZ_IBUF_BUFG_inst/O
                         net (fo=83, routed)          1.723     5.326    top0/CLK
    SLICE_X1Y89          FDCE                                         r  top0/base_timer_r_reg[18]/C
  -------------------------------------------------------------------    -------------------
    SLICE_X1Y89          FDCE (Prop_fdce_C_Q)         0.419     5.745 r  top0/base_timer_r_reg[18]/Q
                         net (fo=3, routed)           0.889     6.634    top0/base_timer_r[18]
    SLICE_X1Y89          LUT5 (Prop_lut5_I1_O)        0.299     6.933 f  top0/random_out_r[3]_i_4/O
                         net (fo=1, routed)           0.675     7.608    top0/random_out_r[3]_i_4_n_0
    SLICE_X2Y90          LUT4 (Prop_lut4_I0_O)        0.124     7.732 r  top0/random_out_r[3]_i_3/O
                         net (fo=24, routed)          0.365     8.098    top0/tick__19
    SLICE_X3Y90          LUT3 (Prop_lut3_I2_O)        0.124     8.222 r  top0/random_out_r[3]_i_1/O
                         net (fo=4, routed)           0.474     8.696    top0/random_out_r[3]_i_1_n_0
    SLICE_X3Y91          FDCE                                         r  top0/random_out_r_reg[1]/CE
  -------------------------------------------------------------------    -------------------

                         (clock sys_clk_pin rise edge)
                                                     10.000    10.000 r  
    E3                                                0.000    10.000 r  CLK100MHZ (IN)
                         net (fo=0)                   0.000    10.000    CLK100MHZ
    E3                   IBUF (Prop_ibuf_I_O)         1.411    11.411 r  CLK100MHZ_IBUF_inst/O
                         net (fo=1, routed)           1.920    13.331    CLK100MHZ_IBUF
    BUFGCTRL_X0Y16       BUFG (Prop_bufg_I_O)         0.091    13.422 r  CLK100MHZ_IBUF_BUFG_inst/O
                         net (fo=83, routed)          1.604    15.027    top0/CLK
    SLICE_X3Y91          FDCE                                         r  top0/random_out_r_reg[1]/C
                         clock pessimism              0.275    15.302    
                         clock uncertainty           -0.035    15.266    
    SLICE_X3Y91          FDCE (Setup_fdce_C_CE)      -0.205    15.061    top0/random_out_r_reg[1]
  -------------------------------------------------------------------
                         required time                         15.061    
                         arrival time                          -8.696    
  -------------------------------------------------------------------
                         slack                                  6.365    

Slack (MET) :             6.365ns  (required time - arrival time)
  Source:                 top0/base_timer_r_reg[18]/C
                            (rising edge-triggered cell FDCE clocked by sys_clk_pin  {rise@0.000ns fall@5.000ns period=10.000ns})
  Destination:            top0/random_out_r_reg[2]/CE
                            (rising edge-triggered cell FDCE clocked by sys_clk_pin  {rise@0.000ns fall@5.000ns period=10.000ns})
  Path Group:             sys_clk_pin
  Path Type:              Setup (Max at Slow Process Corner)
  Requirement:            10.000ns  (sys_clk_pin rise@10.000ns - sys_clk_pin rise@0.000ns)
  Data Path Delay:        3.370ns  (logic 0.966ns (28.663%)  route 2.404ns (71.337%))
  Logic Levels:           3  (LUT3=1 LUT4=1 LUT5=1)
  Clock Path Skew:        -0.024ns (DCD - SCD + CPR)
    Destination Clock Delay (DCD):    5.027ns = ( 15.027 - 10.000 ) 
    Source Clock Delay      (SCD):    5.326ns
    Clock Pessimism Removal (CPR):    0.275ns
  Clock Uncertainty:      0.035ns  ((TSJ^2 + TIJ^2)^1/2 + DJ) / 2 + PE
    Total System Jitter     (TSJ):    0.071ns
    Total Input Jitter      (TIJ):    0.000ns
    Discrete Jitter          (DJ):    0.000ns
    Phase Error              (PE):    0.000ns

    Location             Delay type                Incr(ns)  Path(ns)    Netlist Resource(s)
  -------------------------------------------------------------------    -------------------
                         (clock sys_clk_pin rise edge)
                                                      0.000     0.000 r  
    E3                                                0.000     0.000 r  CLK100MHZ (IN)
                         net (fo=0)                   0.000     0.000    CLK100MHZ
    E3                   IBUF (Prop_ibuf_I_O)         1.482     1.482 r  CLK100MHZ_IBUF_inst/O
                         net (fo=1, routed)           2.025     3.506    CLK100MHZ_IBUF
    BUFGCTRL_X0Y16       BUFG (Prop_bufg_I_O)         0.096     3.602 r  CLK100MHZ_IBUF_BUFG_inst/O
                         net (fo=83, routed)          1.723     5.326    top0/CLK
    SLICE_X1Y89          FDCE                                         r  top0/base_timer_r_reg[18]/C
  -------------------------------------------------------------------    -------------------
    SLICE_X1Y89          FDCE (Prop_fdce_C_Q)         0.419     5.745 r  top0/base_timer_r_reg[18]/Q
                         net (fo=3, routed)           0.889     6.634    top0/base_timer_r[18]
    SLICE_X1Y89          LUT5 (Prop_lut5_I1_O)        0.299     6.933 f  top0/random_out_r[3]_i_4/O
                         net (fo=1, routed)           0.675     7.608    top0/random_out_r[3]_i_4_n_0
    SLICE_X2Y90          LUT4 (Prop_lut4_I0_O)        0.124     7.732 r  top0/random_out_r[3]_i_3/O
                         net (fo=24, routed)          0.365     8.098    top0/tick__19
    SLICE_X3Y90          LUT3 (Prop_lut3_I2_O)        0.124     8.222 r  top0/random_out_r[3]_i_1/O
                         net (fo=4, routed)           0.474     8.696    top0/random_out_r[3]_i_1_n_0
    SLICE_X3Y91          FDCE                                         r  top0/random_out_r_reg[2]/CE
  -------------------------------------------------------------------    -------------------

                         (clock sys_clk_pin rise edge)
                                                     10.000    10.000 r  
    E3                                                0.000    10.000 r  CLK100MHZ (IN)
                         net (fo=0)                   0.000    10.000    CLK100MHZ
    E3                   IBUF (Prop_ibuf_I_O)         1.411    11.411 r  CLK100MHZ_IBUF_inst/O
                         net (fo=1, routed)           1.920    13.331    CLK100MHZ_IBUF
    BUFGCTRL_X0Y16       BUFG (Prop_bufg_I_O)         0.091    13.422 r  CLK100MHZ_IBUF_BUFG_inst/O
                         net (fo=83, routed)          1.604    15.027    top0/CLK
    SLICE_X3Y91          FDCE                                         r  top0/random_out_r_reg[2]/C
                         clock pessimism              0.275    15.302    
                         clock uncertainty           -0.035    15.266    
    SLICE_X3Y91          FDCE (Setup_fdce_C_CE)      -0.205    15.061    top0/random_out_r_reg[2]
  -------------------------------------------------------------------
                         required time                         15.061    
                         arrival time                          -8.696    
  -------------------------------------------------------------------
                         slack                                  6.365    

Slack (MET) :             6.365ns  (required time - arrival time)
  Source:                 top0/base_timer_r_reg[18]/C
                            (rising edge-triggered cell FDCE clocked by sys_clk_pin  {rise@0.000ns fall@5.000ns period=10.000ns})
  Destination:            top0/random_out_r_reg[3]/CE
                            (rising edge-triggered cell FDCE clocked by sys_clk_pin  {rise@0.000ns fall@5.000ns period=10.000ns})
  Path Group:             sys_clk_pin
  Path Type:              Setup (Max at Slow Process Corner)
  Requirement:            10.000ns  (sys_clk_pin rise@10.000ns - sys_clk_pin rise@0.000ns)
  Data Path Delay:        3.370ns  (logic 0.966ns (28.663%)  route 2.404ns (71.337%))
  Logic Levels:           3  (LUT3=1 LUT4=1 LUT5=1)
  Clock Path Skew:        -0.024ns (DCD - SCD + CPR)
    Destination Clock Delay (DCD):    5.027ns = ( 15.027 - 10.000 ) 
    Source Clock Delay      (SCD):    5.326ns
    Clock Pessimism Removal (CPR):    0.275ns
  Clock Uncertainty:      0.035ns  ((TSJ^2 + TIJ^2)^1/2 + DJ) / 2 + PE
    Total System Jitter     (TSJ):    0.071ns
    Total Input Jitter      (TIJ):    0.000ns
    Discrete Jitter          (DJ):    0.000ns
    Phase Error              (PE):    0.000ns

    Location             Delay type                Incr(ns)  Path(ns)    Netlist Resource(s)
  -------------------------------------------------------------------    -------------------
                         (clock sys_clk_pin rise edge)
                                                      0.000     0.000 r  
    E3                                                0.000     0.000 r  CLK100MHZ (IN)
                         net (fo=0)                   0.000     0.000    CLK100MHZ
    E3                   IBUF (Prop_ibuf_I_O)         1.482     1.482 r  CLK100MHZ_IBUF_inst/O
                         net (fo=1, routed)           2.025     3.506    CLK100MHZ_IBUF
    BUFGCTRL_X0Y16       BUFG (Prop_bufg_I_O)         0.096     3.602 r  CLK100MHZ_IBUF_BUFG_inst/O
                         net (fo=83, routed)          1.723     5.326    top0/CLK
    SLICE_X1Y89          FDCE                                         r  top0/base_timer_r_reg[18]/C
  -------------------------------------------------------------------    -------------------
    SLICE_X1Y89          FDCE (Prop_fdce_C_Q)         0.419     5.745 r  top0/base_timer_r_reg[18]/Q
                         net (fo=3, routed)           0.889     6.634    top0/base_timer_r[18]
    SLICE_X1Y89          LUT5 (Prop_lut5_I1_O)        0.299     6.933 f  top0/random_out_r[3]_i_4/O
                         net (fo=1, routed)           0.675     7.608    top0/random_out_r[3]_i_4_n_0
    SLICE_X2Y90          LUT4 (Prop_lut4_I0_O)        0.124     7.732 r  top0/random_out_r[3]_i_3/O
                         net (fo=24, routed)          0.365     8.098    top0/tick__19
    SLICE_X3Y90          LUT3 (Prop_lut3_I2_O)        0.124     8.222 r  top0/random_out_r[3]_i_1/O
                         net (fo=4, routed)           0.474     8.696    top0/random_out_r[3]_i_1_n_0
    SLICE_X3Y91          FDCE                                         r  top0/random_out_r_reg[3]/CE
  -------------------------------------------------------------------    -------------------

                         (clock sys_clk_pin rise edge)
                                                     10.000    10.000 r  
    E3                                                0.000    10.000 r  CLK100MHZ (IN)
                         net (fo=0)                   0.000    10.000    CLK100MHZ
    E3                   IBUF (Prop_ibuf_I_O)         1.411    11.411 r  CLK100MHZ_IBUF_inst/O
                         net (fo=1, routed)           1.920    13.331    CLK100MHZ_IBUF
    BUFGCTRL_X0Y16       BUFG (Prop_bufg_I_O)         0.091    13.422 r  CLK100MHZ_IBUF_BUFG_inst/O
                         net (fo=83, routed)          1.604    15.027    top0/CLK
    SLICE_X3Y91          FDCE                                         r  top0/random_out_r_reg[3]/C
                         clock pessimism              0.275    15.302    
                         clock uncertainty           -0.035    15.266    
    SLICE_X3Y91          FDCE (Setup_fdce_C_CE)      -0.205    15.061    top0/random_out_r_reg[3]
  -------------------------------------------------------------------
                         required time                         15.061    
                         arrival time                          -8.696    
  -------------------------------------------------------------------
                         slack                                  6.365    





Min Delay Paths
--------------------------------------------------------------------------------------
Slack (MET) :             0.158ns  (arrival time - required time)
  Source:                 top0/lfsr_r_reg[0]/C
                            (rising edge-triggered cell FDCE clocked by sys_clk_pin  {rise@0.000ns fall@5.000ns period=10.000ns})
  Destination:            top0/random_out_r_reg[0]/D
                            (rising edge-triggered cell FDCE clocked by sys_clk_pin  {rise@0.000ns fall@5.000ns period=10.000ns})
  Path Group:             sys_clk_pin
  Path Type:              Hold (Min at Fast Process Corner)
  Requirement:            0.000ns  (sys_clk_pin rise@0.000ns - sys_clk_pin rise@0.000ns)
  Data Path Delay:        0.244ns  (logic 0.141ns (57.830%)  route 0.103ns (42.170%))
  Logic Levels:           0  
  Clock Path Skew:        0.016ns (DCD - SCD - CPR)
    Destination Clock Delay (DCD):    2.041ns
    Source Clock Delay      (SCD):    1.522ns
    Clock Pessimism Removal (CPR):    0.502ns

    Location             Delay type                Incr(ns)  Path(ns)    Netlist Resource(s)
  -------------------------------------------------------------------    -------------------
                         (clock sys_clk_pin rise edge)
                                                      0.000     0.000 r  
    E3                                                0.000     0.000 r  CLK100MHZ (IN)
                         net (fo=0)                   0.000     0.000    CLK100MHZ
    E3                   IBUF (Prop_ibuf_I_O)         0.250     0.250 r  CLK100MHZ_IBUF_inst/O
                         net (fo=1, routed)           0.644     0.894    CLK100MHZ_IBUF
    BUFGCTRL_X0Y16       BUFG (Prop_bufg_I_O)         0.026     0.920 r  CLK100MHZ_IBUF_BUFG_inst/O
                         net (fo=83, routed)          0.603     1.522    top0/CLK
    SLICE_X0Y90          FDCE                                         r  top0/lfsr_r_reg[0]/C
  -------------------------------------------------------------------    -------------------
    SLICE_X0Y90          FDCE (Prop_fdce_C_Q)         0.141     1.663 r  top0/lfsr_r_reg[0]/Q
                         net (fo=2, routed)           0.103     1.766    top0/lfsr_r_reg_n_0_[0]
    SLICE_X3Y91          FDCE                                         r  top0/random_out_r_reg[0]/D
  -------------------------------------------------------------------    -------------------

                         (clock sys_clk_pin rise edge)
                                                      0.000     0.000 r  
    E3                                                0.000     0.000 r  CLK100MHZ (IN)
                         net (fo=0)                   0.000     0.000    CLK100MHZ
    E3                   IBUF (Prop_ibuf_I_O)         0.438     0.438 r  CLK100MHZ_IBUF_inst/O
                         net (fo=1, routed)           0.699     1.136    CLK100MHZ_IBUF
    BUFGCTRL_X0Y16       BUFG (Prop_bufg_I_O)         0.029     1.165 r  CLK100MHZ_IBUF_BUFG_inst/O
                         net (fo=83, routed)          0.876     2.041    top0/CLK
    SLICE_X3Y91          FDCE                                         r  top0/random_out_r_reg[0]/C
                         clock pessimism             -0.502     1.538    
    SLICE_X3Y91          FDCE (Hold_fdce_C_D)         0.070     1.608    top0/random_out_r_reg[0]
  -------------------------------------------------------------------
                         required time                         -1.608    
                         arrival time                           1.766    
  -------------------------------------------------------------------
                         slack                                  0.158    

Slack (MET) :             0.178ns  (arrival time - required time)
  Source:                 top0/lfsr_r_reg[10]/C
                            (rising edge-triggered cell FDCE clocked by sys_clk_pin  {rise@0.000ns fall@5.000ns period=10.000ns})
  Destination:            top0/lfsr_r_reg[11]/D
                            (rising edge-triggered cell FDPE clocked by sys_clk_pin  {rise@0.000ns fall@5.000ns period=10.000ns})
  Path Group:             sys_clk_pin
  Path Type:              Hold (Min at Fast Process Corner)
  Requirement:            0.000ns  (sys_clk_pin rise@0.000ns - sys_clk_pin rise@0.000ns)
  Data Path Delay:        0.269ns  (logic 0.141ns (52.324%)  route 0.128ns (47.676%))
  Logic Levels:           0  
  Clock Path Skew:        0.016ns (DCD - SCD - CPR)
    Destination Clock Delay (DCD):    2.041ns
    Source Clock Delay      (SCD):    1.522ns
    Clock Pessimism Removal (CPR):    0.502ns

    Location             Delay type                Incr(ns)  Path(ns)    Netlist Resource(s)
  -------------------------------------------------------------------    -------------------
                         (clock sys_clk_pin rise edge)
                                                      0.000     0.000 r  
    E3                                                0.000     0.000 r  CLK100MHZ (IN)
                         net (fo=0)                   0.000     0.000    CLK100MHZ
    E3                   IBUF (Prop_ibuf_I_O)         0.250     0.250 r  CLK100MHZ_IBUF_inst/O
                         net (fo=1, routed)           0.644     0.894    CLK100MHZ_IBUF
    BUFGCTRL_X0Y16       BUFG (Prop_bufg_I_O)         0.026     0.920 r  CLK100MHZ_IBUF_BUFG_inst/O
                         net (fo=83, routed)          0.603     1.522    top0/CLK
    SLICE_X0Y91          FDCE                                         r  top0/lfsr_r_reg[10]/C
  -------------------------------------------------------------------    -------------------
    SLICE_X0Y91          FDCE (Prop_fdce_C_Q)         0.141     1.663 r  top0/lfsr_r_reg[10]/Q
                         net (fo=2, routed)           0.128     1.792    top0/lfsr_r_reg_n_0_[10]
    SLICE_X0Y90          FDPE                                         r  top0/lfsr_r_reg[11]/D
  -------------------------------------------------------------------    -------------------

                         (clock sys_clk_pin rise edge)
                                                      0.000     0.000 r  
    E3                                                0.000     0.000 r  CLK100MHZ (IN)
                         net (fo=0)                   0.000     0.000    CLK100MHZ
    E3                   IBUF (Prop_ibuf_I_O)         0.438     0.438 r  CLK100MHZ_IBUF_inst/O
                         net (fo=1, routed)           0.699     1.136    CLK100MHZ_IBUF
    BUFGCTRL_X0Y16       BUFG (Prop_bufg_I_O)         0.029     1.165 r  CLK100MHZ_IBUF_BUFG_inst/O
                         net (fo=83, routed)          0.876     2.041    top0/CLK
    SLICE_X0Y90          FDPE                                         r  top0/lfsr_r_reg[11]/C
                         clock pessimism             -0.502     1.538    
    SLICE_X0Y90          FDPE (Hold_fdpe_C_D)         0.075     1.613    top0/lfsr_r_reg[11]
  -------------------------------------------------------------------
                         required time                         -1.613    
                         arrival time                           1.792    
  -------------------------------------------------------------------
                         slack                                  0.178    

Slack (MET) :             0.189ns  (arrival time - required time)
  Source:                 top0/lfsr_r_reg[14]/C
                            (rising edge-triggered cell FDCE clocked by sys_clk_pin  {rise@0.000ns fall@5.000ns period=10.000ns})
  Destination:            top0/lfsr_r_reg[15]/D
                            (rising edge-triggered cell FDCE clocked by sys_clk_pin  {rise@0.000ns fall@5.000ns period=10.000ns})
  Path Group:             sys_clk_pin
  Path Type:              Hold (Min at Fast Process Corner)
  Requirement:            0.000ns  (sys_clk_pin rise@0.000ns - sys_clk_pin rise@0.000ns)
  Data Path Delay:        0.260ns  (logic 0.141ns (54.232%)  route 0.119ns (45.768%))
  Logic Levels:           0  
  Clock Path Skew:        0.000ns (DCD - SCD - CPR)
    Destination Clock Delay (DCD):    2.041ns
    Source Clock Delay      (SCD):    1.522ns
    Clock Pessimism Removal (CPR):    0.518ns

    Location             Delay type                Incr(ns)  Path(ns)    Netlist Resource(s)
  -------------------------------------------------------------------    -------------------
                         (clock sys_clk_pin rise edge)
                                                      0.000     0.000 r  
    E3                                                0.000     0.000 r  CLK100MHZ (IN)
                         net (fo=0)                   0.000     0.000    CLK100MHZ
    E3                   IBUF (Prop_ibuf_I_O)         0.250     0.250 r  CLK100MHZ_IBUF_inst/O
                         net (fo=1, routed)           0.644     0.894    CLK100MHZ_IBUF
    BUFGCTRL_X0Y16       BUFG (Prop_bufg_I_O)         0.026     0.920 r  CLK100MHZ_IBUF_BUFG_inst/O
                         net (fo=83, routed)          0.603     1.522    top0/CLK
    SLICE_X0Y90          FDCE                                         r  top0/lfsr_r_reg[14]/C
  -------------------------------------------------------------------    -------------------
    SLICE_X0Y90          FDCE (Prop_fdce_C_Q)         0.141     1.663 r  top0/lfsr_r_reg[14]/Q
                         net (fo=1, routed)           0.119     1.782    top0/lfsr_r_reg_n_0_[14]
    SLICE_X0Y90          FDCE                                         r  top0/lfsr_r_reg[15]/D
  -------------------------------------------------------------------    -------------------

                         (clock sys_clk_pin rise edge)
                                                      0.000     0.000 r  
    E3                                                0.000     0.000 r  CLK100MHZ (IN)
                         net (fo=0)                   0.000     0.000    CLK100MHZ
    E3                   IBUF (Prop_ibuf_I_O)         0.438     0.438 r  CLK100MHZ_IBUF_inst/O
                         net (fo=1, routed)           0.699     1.136    CLK100MHZ_IBUF
    BUFGCTRL_X0Y16       BUFG (Prop_bufg_I_O)         0.029     1.165 r  CLK100MHZ_IBUF_BUFG_inst/O
                         net (fo=83, routed)          0.876     2.041    top0/CLK
    SLICE_X0Y90          FDCE                                         r  top0/lfsr_r_reg[15]/C
                         clock pessimism             -0.518     1.522    
    SLICE_X0Y90          FDCE (Hold_fdce_C_D)         0.071     1.593    top0/lfsr_r_reg[15]
  -------------------------------------------------------------------
                         required time                         -1.593    
                         arrival time                           1.782    
  -------------------------------------------------------------------
                         slack                                  0.189    

Slack (MET) :             0.196ns  (arrival time - required time)
  Source:                 top0/lfsr_r_reg[11]/C
                            (rising edge-triggered cell FDPE clocked by sys_clk_pin  {rise@0.000ns fall@5.000ns period=10.000ns})
  Destination:            top0/lfsr_r_reg[12]/D
                            (rising edge-triggered cell FDPE clocked by sys_clk_pin  {rise@0.000ns fall@5.000ns period=10.000ns})
  Path Group:             sys_clk_pin
  Path Type:              Hold (Min at Fast Process Corner)
  Requirement:            0.000ns  (sys_clk_pin rise@0.000ns - sys_clk_pin rise@0.000ns)
  Data Path Delay:        0.189ns  (logic 0.128ns (67.800%)  route 0.061ns (32.200%))
  Logic Levels:           0  
  Clock Path Skew:        0.000ns (DCD - SCD - CPR)
    Destination Clock Delay (DCD):    2.041ns
    Source Clock Delay      (SCD):    1.522ns
    Clock Pessimism Removal (CPR):    0.518ns

    Location             Delay type                Incr(ns)  Path(ns)    Netlist Resource(s)
  -------------------------------------------------------------------    -------------------
                         (clock sys_clk_pin rise edge)
                                                      0.000     0.000 r  
    E3                                                0.000     0.000 r  CLK100MHZ (IN)
                         net (fo=0)                   0.000     0.000    CLK100MHZ
    E3                   IBUF (Prop_ibuf_I_O)         0.250     0.250 r  CLK100MHZ_IBUF_inst/O
                         net (fo=1, routed)           0.644     0.894    CLK100MHZ_IBUF
    BUFGCTRL_X0Y16       BUFG (Prop_bufg_I_O)         0.026     0.920 r  CLK100MHZ_IBUF_BUFG_inst/O
                         net (fo=83, routed)          0.603     1.522    top0/CLK
    SLICE_X0Y90          FDPE                                         r  top0/lfsr_r_reg[11]/C
  -------------------------------------------------------------------    -------------------
    SLICE_X0Y90          FDPE (Prop_fdpe_C_Q)         0.128     1.650 r  top0/lfsr_r_reg[11]/Q
                         net (fo=1, routed)           0.061     1.711    top0/lfsr_r_reg_n_0_[11]
    SLICE_X0Y90          FDPE                                         r  top0/lfsr_r_reg[12]/D
  -------------------------------------------------------------------    -------------------

                         (clock sys_clk_pin rise edge)
                                                      0.000     0.000 r  
    E3                                                0.000     0.000 r  CLK100MHZ (IN)
                         net (fo=0)                   0.000     0.000    CLK100MHZ
    E3                   IBUF (Prop_ibuf_I_O)         0.438     0.438 r  CLK100MHZ_IBUF_inst/O
                         net (fo=1, routed)           0.699     1.136    CLK100MHZ_IBUF
    BUFGCTRL_X0Y16       BUFG (Prop_bufg_I_O)         0.029     1.165 r  CLK100MHZ_IBUF_BUFG_inst/O
                         net (fo=83, routed)          0.876     2.041    top0/CLK
    SLICE_X0Y90          FDPE                                         r  top0/lfsr_r_reg[12]/C
                         clock pessimism             -0.518     1.522    
    SLICE_X0Y90          FDPE (Hold_fdpe_C_D)        -0.007     1.515    top0/lfsr_r_reg[12]
  -------------------------------------------------------------------
                         required time                         -1.515    
                         arrival time                           1.711    
  -------------------------------------------------------------------
                         slack                                  0.196    

Slack (MET) :             0.198ns  (arrival time - required time)
  Source:                 deb0/counter_r_reg[3]/C
                            (rising edge-triggered cell FDRE clocked by sys_clk_pin  {rise@0.000ns fall@5.000ns period=10.000ns})
  Destination:            deb0/counter_r_reg[4]/D
                            (rising edge-triggered cell FDRE clocked by sys_clk_pin  {rise@0.000ns fall@5.000ns period=10.000ns})
  Path Group:             sys_clk_pin
  Path Type:              Hold (Min at Fast Process Corner)
  Requirement:            0.000ns  (sys_clk_pin rise@0.000ns - sys_clk_pin rise@0.000ns)
  Data Path Delay:        0.273ns  (logic 0.141ns (51.687%)  route 0.132ns (48.313%))
  Logic Levels:           0  
  Clock Path Skew:        0.000ns (DCD - SCD - CPR)
    Destination Clock Delay (DCD):    2.038ns
    Source Clock Delay      (SCD):    1.521ns
    Clock Pessimism Removal (CPR):    0.516ns

    Location             Delay type                Incr(ns)  Path(ns)    Netlist Resource(s)
  -------------------------------------------------------------------    -------------------
                         (clock sys_clk_pin rise edge)
                                                      0.000     0.000 r  
    E3                                                0.000     0.000 r  CLK100MHZ (IN)
                         net (fo=0)                   0.000     0.000    CLK100MHZ
    E3                   IBUF (Prop_ibuf_I_O)         0.250     0.250 r  CLK100MHZ_IBUF_inst/O
                         net (fo=1, routed)           0.644     0.894    CLK100MHZ_IBUF
    BUFGCTRL_X0Y16       BUFG (Prop_bufg_I_O)         0.026     0.920 r  CLK100MHZ_IBUF_BUFG_inst/O
                         net (fo=83, routed)          0.602     1.521    deb0/CLK
    SLICE_X4Y91          FDRE                                         r  deb0/counter_r_reg[3]/C
  -------------------------------------------------------------------    -------------------
    SLICE_X4Y91          FDRE (Prop_fdre_C_Q)         0.141     1.662 r  deb0/counter_r_reg[3]/Q
                         net (fo=2, routed)           0.132     1.794    deb0/counter_r[3]
    SLICE_X4Y91          FDRE                                         r  deb0/counter_r_reg[4]/D
  -------------------------------------------------------------------    -------------------

                         (clock sys_clk_pin rise edge)
                                                      0.000     0.000 r  
    E3                                                0.000     0.000 r  CLK100MHZ (IN)
                         net (fo=0)                   0.000     0.000    CLK100MHZ
    E3                   IBUF (Prop_ibuf_I_O)         0.438     0.438 r  CLK100MHZ_IBUF_inst/O
                         net (fo=1, routed)           0.699     1.136    CLK100MHZ_IBUF
    BUFGCTRL_X0Y16       BUFG (Prop_bufg_I_O)         0.029     1.165 r  CLK100MHZ_IBUF_BUFG_inst/O
                         net (fo=83, routed)          0.873     2.038    deb0/CLK
    SLICE_X4Y91          FDRE                                         r  deb0/counter_r_reg[4]/C
                         clock pessimism             -0.516     1.521    
    SLICE_X4Y91          FDRE (Hold_fdre_C_D)         0.075     1.596    deb0/counter_r_reg[4]
  -------------------------------------------------------------------
                         required time                         -1.596    
                         arrival time                           1.794    
  -------------------------------------------------------------------
                         slack                                  0.198    

Slack (MET) :             0.203ns  (arrival time - required time)
  Source:                 seven0/counter_r_reg[2]/C
                            (rising edge-triggered cell FDCE clocked by sys_clk_pin  {rise@0.000ns fall@5.000ns period=10.000ns})
  Destination:            seven0/counter_r_reg[4]/D
                            (rising edge-triggered cell FDCE clocked by sys_clk_pin  {rise@0.000ns fall@5.000ns period=10.000ns})
  Path Group:             sys_clk_pin
  Path Type:              Hold (Min at Fast Process Corner)
  Requirement:            0.000ns  (sys_clk_pin rise@0.000ns - sys_clk_pin rise@0.000ns)
  Data Path Delay:        0.336ns  (logic 0.186ns (55.408%)  route 0.150ns (44.592%))
  Logic Levels:           1  (LUT6=1)
  Clock Path Skew:        0.013ns (DCD - SCD - CPR)
    Destination Clock Delay (DCD):    2.041ns
    Source Clock Delay      (SCD):    1.522ns
    Clock Pessimism Removal (CPR):    0.505ns

    Location             Delay type                Incr(ns)  Path(ns)    Netlist Resource(s)
  -------------------------------------------------------------------    -------------------
                         (clock sys_clk_pin rise edge)
                                                      0.000     0.000 r  
    E3                                                0.000     0.000 r  CLK100MHZ (IN)
                         net (fo=0)                   0.000     0.000    CLK100MHZ
    E3                   IBUF (Prop_ibuf_I_O)         0.250     0.250 r  CLK100MHZ_IBUF_inst/O
                         net (fo=1, routed)           0.644     0.894    CLK100MHZ_IBUF
    BUFGCTRL_X0Y16       BUFG (Prop_bufg_I_O)         0.026     0.920 r  CLK100MHZ_IBUF_BUFG_inst/O
                         net (fo=83, routed)          0.603     1.522    seven0/CLK
    SLICE_X3Y92          FDCE                                         r  seven0/counter_r_reg[2]/C
  -------------------------------------------------------------------    -------------------
    SLICE_X3Y92          FDCE (Prop_fdce_C_Q)         0.141     1.663 r  seven0/counter_r_reg[2]/Q
                         net (fo=5, routed)           0.150     1.813    seven0/counter_r_reg_n_0_[2]
    SLICE_X2Y92          LUT6 (Prop_lut6_I4_O)        0.045     1.858 r  seven0/counter_r[4]_i_1/O
                         net (fo=1, routed)           0.000     1.858    seven0/counter_r[4]_i_1_n_0
    SLICE_X2Y92          FDCE                                         r  seven0/counter_r_reg[4]/D
  -------------------------------------------------------------------    -------------------

                         (clock sys_clk_pin rise edge)
                                                      0.000     0.000 r  
    E3                                                0.000     0.000 r  CLK100MHZ (IN)
                         net (fo=0)                   0.000     0.000    CLK100MHZ
    E3                   IBUF (Prop_ibuf_I_O)         0.438     0.438 r  CLK100MHZ_IBUF_inst/O
                         net (fo=1, routed)           0.699     1.136    CLK100MHZ_IBUF
    BUFGCTRL_X0Y16       BUFG (Prop_bufg_I_O)         0.029     1.165 r  CLK100MHZ_IBUF_BUFG_inst/O
                         net (fo=83, routed)          0.876     2.041    seven0/CLK
    SLICE_X2Y92          FDCE                                         r  seven0/counter_r_reg[4]/C
                         clock pessimism             -0.505     1.535    
    SLICE_X2Y92          FDCE (Hold_fdce_C_D)         0.120     1.655    seven0/counter_r_reg[4]
  -------------------------------------------------------------------
                         required time                         -1.655    
                         arrival time                           1.858    
  -------------------------------------------------------------------
                         slack                                  0.203    

Slack (MET) :             0.209ns  (arrival time - required time)
  Source:                 deb0/counter_r_reg[12]/C
                            (rising edge-triggered cell FDRE clocked by sys_clk_pin  {rise@0.000ns fall@5.000ns period=10.000ns})
  Destination:            deb0/counter_r_reg[13]/D
                            (rising edge-triggered cell FDRE clocked by sys_clk_pin  {rise@0.000ns fall@5.000ns period=10.000ns})
  Path Group:             sys_clk_pin
  Path Type:              Hold (Min at Fast Process Corner)
  Requirement:            0.000ns  (sys_clk_pin rise@0.000ns - sys_clk_pin rise@0.000ns)
  Data Path Delay:        0.256ns  (logic 0.141ns (55.019%)  route 0.115ns (44.981%))
  Logic Levels:           0  
  Clock Path Skew:        0.000ns (DCD - SCD - CPR)
    Destination Clock Delay (DCD):    2.038ns
    Source Clock Delay      (SCD):    1.521ns
    Clock Pessimism Removal (CPR):    0.516ns

    Location             Delay type                Incr(ns)  Path(ns)    Netlist Resource(s)
  -------------------------------------------------------------------    -------------------
                         (clock sys_clk_pin rise edge)
                                                      0.000     0.000 r  
    E3                                                0.000     0.000 r  CLK100MHZ (IN)
                         net (fo=0)                   0.000     0.000    CLK100MHZ
    E3                   IBUF (Prop_ibuf_I_O)         0.250     0.250 r  CLK100MHZ_IBUF_inst/O
                         net (fo=1, routed)           0.644     0.894    CLK100MHZ_IBUF
    BUFGCTRL_X0Y16       BUFG (Prop_bufg_I_O)         0.026     0.920 r  CLK100MHZ_IBUF_BUFG_inst/O
                         net (fo=83, routed)          0.602     1.521    deb0/CLK
    SLICE_X5Y92          FDRE                                         r  deb0/counter_r_reg[12]/C
  -------------------------------------------------------------------    -------------------
    SLICE_X5Y92          FDRE (Prop_fdre_C_Q)         0.141     1.662 r  deb0/counter_r_reg[12]/Q
                         net (fo=2, routed)           0.115     1.778    deb0/counter_r[12]
    SLICE_X5Y92          FDRE                                         r  deb0/counter_r_reg[13]/D
  -------------------------------------------------------------------    -------------------

                         (clock sys_clk_pin rise edge)
                                                      0.000     0.000 r  
    E3                                                0.000     0.000 r  CLK100MHZ (IN)
                         net (fo=0)                   0.000     0.000    CLK100MHZ
    E3                   IBUF (Prop_ibuf_I_O)         0.438     0.438 r  CLK100MHZ_IBUF_inst/O
                         net (fo=1, routed)           0.699     1.136    CLK100MHZ_IBUF
    BUFGCTRL_X0Y16       BUFG (Prop_bufg_I_O)         0.029     1.165 r  CLK100MHZ_IBUF_BUFG_inst/O
                         net (fo=83, routed)          0.873     2.038    deb0/CLK
    SLICE_X5Y92          FDRE                                         r  deb0/counter_r_reg[13]/C
                         clock pessimism             -0.516     1.521    
    SLICE_X5Y92          FDRE (Hold_fdre_C_D)         0.047     1.568    deb0/counter_r_reg[13]
  -------------------------------------------------------------------
                         required time                         -1.568    
                         arrival time                           1.778    
  -------------------------------------------------------------------
                         slack                                  0.209    

Slack (MET) :             0.213ns  (arrival time - required time)
  Source:                 top0/lfsr_r_reg[0]/C
                            (rising edge-triggered cell FDCE clocked by sys_clk_pin  {rise@0.000ns fall@5.000ns period=10.000ns})
  Destination:            top0/lfsr_r_reg[1]/D
                            (rising edge-triggered cell FDPE clocked by sys_clk_pin  {rise@0.000ns fall@5.000ns period=10.000ns})
  Path Group:             sys_clk_pin
  Path Type:              Hold (Min at Fast Process Corner)
  Requirement:            0.000ns  (sys_clk_pin rise@0.000ns - sys_clk_pin rise@0.000ns)
  Data Path Delay:        0.304ns  (logic 0.141ns (46.336%)  route 0.163ns (53.664%))
  Logic Levels:           0  
  Clock Path Skew:        0.016ns (DCD - SCD - CPR)
    Destination Clock Delay (DCD):    2.041ns
    Source Clock Delay      (SCD):    1.522ns
    Clock Pessimism Removal (CPR):    0.502ns

    Location             Delay type                Incr(ns)  Path(ns)    Netlist Resource(s)
  -------------------------------------------------------------------    -------------------
                         (clock sys_clk_pin rise edge)
                                                      0.000     0.000 r  
    E3                                                0.000     0.000 r  CLK100MHZ (IN)
                         net (fo=0)                   0.000     0.000    CLK100MHZ
    E3                   IBUF (Prop_ibuf_I_O)         0.250     0.250 r  CLK100MHZ_IBUF_inst/O
                         net (fo=1, routed)           0.644     0.894    CLK100MHZ_IBUF
    BUFGCTRL_X0Y16       BUFG (Prop_bufg_I_O)         0.026     0.920 r  CLK100MHZ_IBUF_BUFG_inst/O
                         net (fo=83, routed)          0.603     1.522    top0/CLK
    SLICE_X0Y90          FDCE                                         r  top0/lfsr_r_reg[0]/C
  -------------------------------------------------------------------    -------------------
    SLICE_X0Y90          FDCE (Prop_fdce_C_Q)         0.141     1.663 r  top0/lfsr_r_reg[0]/Q
                         net (fo=2, routed)           0.163     1.827    top0/lfsr_r_reg_n_0_[0]
    SLICE_X2Y91          FDPE                                         r  top0/lfsr_r_reg[1]/D
  -------------------------------------------------------------------    -------------------

                         (clock sys_clk_pin rise edge)
                                                      0.000     0.000 r  
    E3                                                0.000     0.000 r  CLK100MHZ (IN)
                         net (fo=0)                   0.000     0.000    CLK100MHZ
    E3                   IBUF (Prop_ibuf_I_O)         0.438     0.438 r  CLK100MHZ_IBUF_inst/O
                         net (fo=1, routed)           0.699     1.136    CLK100MHZ_IBUF
    BUFGCTRL_X0Y16       BUFG (Prop_bufg_I_O)         0.029     1.165 r  CLK100MHZ_IBUF_BUFG_inst/O
                         net (fo=83, routed)          0.876     2.041    top0/CLK
    SLICE_X2Y91          FDPE                                         r  top0/lfsr_r_reg[1]/C
                         clock pessimism             -0.502     1.538    
    SLICE_X2Y91          FDPE (Hold_fdpe_C_D)         0.075     1.613    top0/lfsr_r_reg[1]
  -------------------------------------------------------------------
                         required time                         -1.613    
                         arrival time                           1.827    
  -------------------------------------------------------------------
                         slack                                  0.213    

Slack (MET) :             0.216ns  (arrival time - required time)
  Source:                 top0/lfsr_r_reg[4]/C
                            (rising edge-triggered cell FDCE clocked by sys_clk_pin  {rise@0.000ns fall@5.000ns period=10.000ns})
  Destination:            top0/lfsr_r_reg[5]/D
                            (rising edge-triggered cell FDCE clocked by sys_clk_pin  {rise@0.000ns fall@5.000ns period=10.000ns})
  Path Group:             sys_clk_pin
  Path Type:              Hold (Min at Fast Process Corner)
  Requirement:            0.000ns  (sys_clk_pin rise@0.000ns - sys_clk_pin rise@0.000ns)
  Data Path Delay:        0.276ns  (logic 0.164ns (59.419%)  route 0.112ns (40.581%))
  Logic Levels:           0  
  Clock Path Skew:        0.000ns (DCD - SCD - CPR)
    Destination Clock Delay (DCD):    2.041ns
    Source Clock Delay      (SCD):    1.522ns
    Clock Pessimism Removal (CPR):    0.518ns

    Location             Delay type                Incr(ns)  Path(ns)    Netlist Resource(s)
  -------------------------------------------------------------------    -------------------
                         (clock sys_clk_pin rise edge)
                                                      0.000     0.000 r  
    E3                                                0.000     0.000 r  CLK100MHZ (IN)
                         net (fo=0)                   0.000     0.000    CLK100MHZ
    E3                   IBUF (Prop_ibuf_I_O)         0.250     0.250 r  CLK100MHZ_IBUF_inst/O
                         net (fo=1, routed)           0.644     0.894    CLK100MHZ_IBUF
    BUFGCTRL_X0Y16       BUFG (Prop_bufg_I_O)         0.026     0.920 r  CLK100MHZ_IBUF_BUFG_inst/O
                         net (fo=83, routed)          0.603     1.522    top0/CLK
    SLICE_X2Y91          FDCE                                         r  top0/lfsr_r_reg[4]/C
  -------------------------------------------------------------------    -------------------
    SLICE_X2Y91          FDCE (Prop_fdce_C_Q)         0.164     1.686 r  top0/lfsr_r_reg[4]/Q
                         net (fo=1, routed)           0.112     1.798    top0/lfsr_r_reg_n_0_[4]
    SLICE_X2Y91          FDCE                                         r  top0/lfsr_r_reg[5]/D
  -------------------------------------------------------------------    -------------------

                         (clock sys_clk_pin rise edge)
                                                      0.000     0.000 r  
    E3                                                0.000     0.000 r  CLK100MHZ (IN)
                         net (fo=0)                   0.000     0.000    CLK100MHZ
    E3                   IBUF (Prop_ibuf_I_O)         0.438     0.438 r  CLK100MHZ_IBUF_inst/O
                         net (fo=1, routed)           0.699     1.136    CLK100MHZ_IBUF
    BUFGCTRL_X0Y16       BUFG (Prop_bufg_I_O)         0.029     1.165 r  CLK100MHZ_IBUF_BUFG_inst/O
                         net (fo=83, routed)          0.876     2.041    top0/CLK
    SLICE_X2Y91          FDCE                                         r  top0/lfsr_r_reg[5]/C
                         clock pessimism             -0.518     1.522    
    SLICE_X2Y91          FDCE (Hold_fdce_C_D)         0.060     1.582    top0/lfsr_r_reg[5]
  -------------------------------------------------------------------
                         required time                         -1.582    
                         arrival time                           1.798    
  -------------------------------------------------------------------
                         slack                                  0.216    

Slack (MET) :             0.228ns  (arrival time - required time)
  Source:                 deb0/counter_r_reg[2]/C
                            (rising edge-triggered cell FDRE clocked by sys_clk_pin  {rise@0.000ns fall@5.000ns period=10.000ns})
  Destination:            deb0/counter_r_reg[3]/D
                            (rising edge-triggered cell FDRE clocked by sys_clk_pin  {rise@0.000ns fall@5.000ns period=10.000ns})
  Path Group:             sys_clk_pin
  Path Type:              Hold (Min at Fast Process Corner)
  Requirement:            0.000ns  (sys_clk_pin rise@0.000ns - sys_clk_pin rise@0.000ns)
  Data Path Delay:        0.275ns  (logic 0.141ns (51.256%)  route 0.134ns (48.744%))
  Logic Levels:           0  
  Clock Path Skew:        0.000ns (DCD - SCD - CPR)
    Destination Clock Delay (DCD):    2.038ns
    Source Clock Delay      (SCD):    1.521ns
    Clock Pessimism Removal (CPR):    0.516ns

    Location             Delay type                Incr(ns)  Path(ns)    Netlist Resource(s)
  -------------------------------------------------------------------    -------------------
                         (clock sys_clk_pin rise edge)
                                                      0.000     0.000 r  
    E3                                                0.000     0.000 r  CLK100MHZ (IN)
                         net (fo=0)                   0.000     0.000    CLK100MHZ
    E3                   IBUF (Prop_ibuf_I_O)         0.250     0.250 r  CLK100MHZ_IBUF_inst/O
                         net (fo=1, routed)           0.644     0.894    CLK100MHZ_IBUF
    BUFGCTRL_X0Y16       BUFG (Prop_bufg_I_O)         0.026     0.920 r  CLK100MHZ_IBUF_BUFG_inst/O
                         net (fo=83, routed)          0.602     1.521    deb0/CLK
    SLICE_X4Y91          FDRE                                         r  deb0/counter_r_reg[2]/C
  -------------------------------------------------------------------    -------------------
    SLICE_X4Y91          FDRE (Prop_fdre_C_Q)         0.141     1.662 r  deb0/counter_r_reg[2]/Q
                         net (fo=2, routed)           0.134     1.796    deb0/counter_r[2]
    SLICE_X4Y91          FDRE                                         r  deb0/counter_r_reg[3]/D
  -------------------------------------------------------------------    -------------------

                         (clock sys_clk_pin rise edge)
                                                      0.000     0.000 r  
    E3                                                0.000     0.000 r  CLK100MHZ (IN)
                         net (fo=0)                   0.000     0.000    CLK100MHZ
    E3                   IBUF (Prop_ibuf_I_O)         0.438     0.438 r  CLK100MHZ_IBUF_inst/O
                         net (fo=1, routed)           0.699     1.136    CLK100MHZ_IBUF
    BUFGCTRL_X0Y16       BUFG (Prop_bufg_I_O)         0.029     1.165 r  CLK100MHZ_IBUF_BUFG_inst/O
                         net (fo=83, routed)          0.873     2.038    deb0/CLK
    SLICE_X4Y91          FDRE                                         r  deb0/counter_r_reg[3]/C
                         clock pessimism             -0.516     1.521    
    SLICE_X4Y91          FDRE (Hold_fdre_C_D)         0.047     1.568    deb0/counter_r_reg[3]
  -------------------------------------------------------------------
                         required time                         -1.568    
                         arrival time                           1.796    
  -------------------------------------------------------------------
                         slack                                  0.228    





Pulse Width Checks
--------------------------------------------------------------------------------------
Clock Name:         sys_clk_pin
Waveform(ns):       { 0.000 5.000 }
Period(ns):         10.000
Sources:            { CLK100MHZ }

Check Type        Corner  Lib Pin  Reference Pin  Required(ns)  Actual(ns)  Slack(ns)  Location        Pin
Min Period        n/a     BUFG/I   n/a            2.155         10.000      7.845      BUFGCTRL_X0Y16  CLK100MHZ_IBUF_BUFG_inst/I
Min Period        n/a     FDRE/C   n/a            1.000         10.000      9.000      SLICE_X4Y91     deb0/counter_r_reg[0]/C
Min Period        n/a     FDRE/C   n/a            1.000         10.000      9.000      SLICE_X5Y91     deb0/counter_r_reg[10]/C
Min Period        n/a     FDRE/C   n/a            1.000         10.000      9.000      SLICE_X5Y91     deb0/counter_r_reg[11]/C
Min Period        n/a     FDRE/C   n/a            1.000         10.000      9.000      SLICE_X5Y92     deb0/counter_r_reg[12]/C
Min Period        n/a     FDRE/C   n/a            1.000         10.000      9.000      SLICE_X5Y92     deb0/counter_r_reg[13]/C
Min Period        n/a     FDRE/C   n/a            1.000         10.000      9.000      SLICE_X5Y92     deb0/counter_r_reg[14]/C
Min Period        n/a     FDRE/C   n/a            1.000         10.000      9.000      SLICE_X5Y92     deb0/counter_r_reg[15]/C
Min Period        n/a     FDRE/C   n/a            1.000         10.000      9.000      SLICE_X5Y92     deb0/counter_r_reg[16]/C
Min Period        n/a     FDRE/C   n/a            1.000         10.000      9.000      SLICE_X5Y92     deb0/counter_r_reg[17]/C
Low Pulse Width   Slow    FDRE/C   n/a            0.500         5.000       4.500      SLICE_X4Y91     deb0/counter_r_reg[0]/C
Low Pulse Width   Fast    FDRE/C   n/a            0.500         5.000       4.500      SLICE_X4Y91     deb0/counter_r_reg[0]/C
Low Pulse Width   Slow    FDRE/C   n/a            0.500         5.000       4.500      SLICE_X5Y91     deb0/counter_r_reg[10]/C
Low Pulse Width   Fast    FDRE/C   n/a            0.500         5.000       4.500      SLICE_X5Y91     deb0/counter_r_reg[10]/C
Low Pulse Width   Slow    FDRE/C   n/a            0.500         5.000       4.500      SLICE_X5Y91     deb0/counter_r_reg[11]/C
Low Pulse Width   Fast    FDRE/C   n/a            0.500         5.000       4.500      SLICE_X5Y91     deb0/counter_r_reg[11]/C
Low Pulse Width   Slow    FDRE/C   n/a            0.500         5.000       4.500      SLICE_X5Y92     deb0/counter_r_reg[12]/C
Low Pulse Width   Fast    FDRE/C   n/a            0.500         5.000       4.500      SLICE_X5Y92     deb0/counter_r_reg[12]/C
Low Pulse Width   Slow    FDRE/C   n/a            0.500         5.000       4.500      SLICE_X5Y92     deb0/counter_r_reg[13]/C
Low Pulse Width   Fast    FDRE/C   n/a            0.500         5.000       4.500      SLICE_X5Y92     deb0/counter_r_reg[13]/C
High Pulse Width  Slow    FDRE/C   n/a            0.500         5.000       4.500      SLICE_X4Y91     deb0/counter_r_reg[0]/C
High Pulse Width  Fast    FDRE/C   n/a            0.500         5.000       4.500      SLICE_X4Y91     deb0/counter_r_reg[0]/C
High Pulse Width  Slow    FDRE/C   n/a            0.500         5.000       4.500      SLICE_X5Y91     deb0/counter_r_reg[10]/C
High Pulse Width  Fast    FDRE/C   n/a            0.500         5.000       4.500      SLICE_X5Y91     deb0/counter_r_reg[10]/C
High Pulse Width  Slow    FDRE/C   n/a            0.500         5.000       4.500      SLICE_X5Y91     deb0/counter_r_reg[11]/C
High Pulse Width  Fast    FDRE/C   n/a            0.500         5.000       4.500      SLICE_X5Y91     deb0/counter_r_reg[11]/C
High Pulse Width  Slow    FDRE/C   n/a            0.500         5.000       4.500      SLICE_X5Y92     deb0/counter_r_reg[12]/C
High Pulse Width  Fast    FDRE/C   n/a            0.500         5.000       4.500      SLICE_X5Y92     deb0/counter_r_reg[12]/C
High Pulse Width  Slow    FDRE/C   n/a            0.500         5.000       4.500      SLICE_X5Y92     deb0/counter_r_reg[13]/C
High Pulse Width  Fast    FDRE/C   n/a            0.500         5.000       4.500      SLICE_X5Y92     deb0/counter_r_reg[13]/C



--------------------------------------------------------------------------------------
Path Group:  (none)
From Clock:  sys_clk_pin
  To Clock:  

Max Delay             9 Endpoints
Min Delay             9 Endpoints
--------------------------------------------------------------------------------------


Max Delay Paths
--------------------------------------------------------------------------------------
Slack:                    inf
  Source:                 seven0/state_r_reg[0]/C
                            (rising edge-triggered cell FDCE clocked by sys_clk_pin  {rise@0.000ns fall@5.000ns period=10.000ns})
  Destination:            CF
                            (output port)
  Path Group:             (none)
  Path Type:              Max at Slow Process Corner
  Data Path Delay:        9.313ns  (logic 4.727ns (50.754%)  route 4.586ns (49.246%))
  Logic Levels:           3  (LUT3=1 LUT5=1 OBUF=1)
  Clock Uncertainty:      0.025ns  ((TSJ^2 + TIJ^2)^1/2 + DJ) / 2 + PE
    Total System Jitter     (TSJ):    0.050ns
    Total Input Jitter      (TIJ):    0.000ns
    Discrete Jitter          (DJ):    0.000ns
    Phase Error              (PE):    0.000ns

    Location             Delay type                Incr(ns)  Path(ns)    Netlist Resource(s)
  -------------------------------------------------------------------    -------------------
                         (clock sys_clk_pin rise edge)
                                                      0.000     0.000 r  
    E3                                                0.000     0.000 r  CLK100MHZ (IN)
                         net (fo=0)                   0.000     0.000    CLK100MHZ
    E3                   IBUF (Prop_ibuf_I_O)         1.482     1.482 r  CLK100MHZ_IBUF_inst/O
                         net (fo=1, routed)           2.025     3.506    CLK100MHZ_IBUF
    BUFGCTRL_X0Y16       BUFG (Prop_bufg_I_O)         0.096     3.602 r  CLK100MHZ_IBUF_BUFG_inst/O
                         net (fo=83, routed)          1.724     5.327    seven0/CLK
    SLICE_X3Y92          FDCE                                         r  seven0/state_r_reg[0]/C
  -------------------------------------------------------------------    -------------------
    SLICE_X3Y92          FDCE (Prop_fdce_C_Q)         0.456     5.783 r  seven0/state_r_reg[0]/Q
                         net (fo=7, routed)           1.040     6.822    seven0/state_r_reg[0]_0[0]
    SLICE_X3Y91          LUT3 (Prop_lut3_I2_O)        0.152     6.974 r  seven0/AN_OBUF[0]_inst_i_1/O
                         net (fo=6, routed)           0.960     7.934    top0/AN_OBUF[0]
    SLICE_X1Y92          LUT5 (Prop_lut5_I1_O)        0.355     8.289 r  top0/CF_OBUF_inst_i_1/O
                         net (fo=1, routed)           2.587    10.876    CF_OBUF
    T11                  OBUF (Prop_obuf_I_O)         3.764    14.640 r  CF_OBUF_inst/O
                         net (fo=0)                   0.000    14.640    CF
    T11                                                               r  CF (OUT)
  -------------------------------------------------------------------    -------------------

Slack:                    inf
  Source:                 seven0/state_r_reg[0]/C
                            (rising edge-triggered cell FDCE clocked by sys_clk_pin  {rise@0.000ns fall@5.000ns period=10.000ns})
  Destination:            CA
                            (output port)
  Path Group:             (none)
  Path Type:              Max at Slow Process Corner
  Data Path Delay:        9.170ns  (logic 4.511ns (49.192%)  route 4.659ns (50.808%))
  Logic Levels:           3  (LUT3=1 LUT5=1 OBUF=1)
  Clock Uncertainty:      0.025ns  ((TSJ^2 + TIJ^2)^1/2 + DJ) / 2 + PE
    Total System Jitter     (TSJ):    0.050ns
    Total Input Jitter      (TIJ):    0.000ns
    Discrete Jitter          (DJ):    0.000ns
    Phase Error              (PE):    0.000ns

    Location             Delay type                Incr(ns)  Path(ns)    Netlist Resource(s)
  -------------------------------------------------------------------    -------------------
                         (clock sys_clk_pin rise edge)
                                                      0.000     0.000 r  
    E3                                                0.000     0.000 r  CLK100MHZ (IN)
                         net (fo=0)                   0.000     0.000    CLK100MHZ
    E3                   IBUF (Prop_ibuf_I_O)         1.482     1.482 r  CLK100MHZ_IBUF_inst/O
                         net (fo=1, routed)           2.025     3.506    CLK100MHZ_IBUF
    BUFGCTRL_X0Y16       BUFG (Prop_bufg_I_O)         0.096     3.602 r  CLK100MHZ_IBUF_BUFG_inst/O
                         net (fo=83, routed)          1.724     5.327    seven0/CLK
    SLICE_X3Y92          FDCE                                         r  seven0/state_r_reg[0]/C
  -------------------------------------------------------------------    -------------------
    SLICE_X3Y92          FDCE (Prop_fdce_C_Q)         0.456     5.783 r  seven0/state_r_reg[0]/Q
                         net (fo=7, routed)           1.040     6.822    seven0/state_r_reg[0]_0[0]
    SLICE_X3Y91          LUT3 (Prop_lut3_I2_O)        0.152     6.974 r  seven0/AN_OBUF[0]_inst_i_1/O
                         net (fo=6, routed)           0.647     7.621    top0/AN_OBUF[0]
    SLICE_X1Y91          LUT5 (Prop_lut5_I4_O)        0.326     7.947 r  top0/CA_OBUF_inst_i_1/O
                         net (fo=1, routed)           2.973    10.920    CA_OBUF
    T10                  OBUF (Prop_obuf_I_O)         3.577    14.497 r  CA_OBUF_inst/O
                         net (fo=0)                   0.000    14.497    CA
    T10                                                               r  CA (OUT)
  -------------------------------------------------------------------    -------------------

Slack:                    inf
  Source:                 seven0/state_r_reg[0]/C
                            (rising edge-triggered cell FDCE clocked by sys_clk_pin  {rise@0.000ns fall@5.000ns period=10.000ns})
  Destination:            CD
                            (output port)
  Path Group:             (none)
  Path Type:              Max at Slow Process Corner
  Data Path Delay:        9.030ns  (logic 4.717ns (52.237%)  route 4.313ns (47.763%))
  Logic Levels:           3  (LUT3=1 LUT5=1 OBUF=1)
  Clock Uncertainty:      0.025ns  ((TSJ^2 + TIJ^2)^1/2 + DJ) / 2 + PE
    Total System Jitter     (TSJ):    0.050ns
    Total Input Jitter      (TIJ):    0.000ns
    Discrete Jitter          (DJ):    0.000ns
    Phase Error              (PE):    0.000ns

    Location             Delay type                Incr(ns)  Path(ns)    Netlist Resource(s)
  -------------------------------------------------------------------    -------------------
                         (clock sys_clk_pin rise edge)
                                                      0.000     0.000 r  
    E3                                                0.000     0.000 r  CLK100MHZ (IN)
                         net (fo=0)                   0.000     0.000    CLK100MHZ
    E3                   IBUF (Prop_ibuf_I_O)         1.482     1.482 r  CLK100MHZ_IBUF_inst/O
                         net (fo=1, routed)           2.025     3.506    CLK100MHZ_IBUF
    BUFGCTRL_X0Y16       BUFG (Prop_bufg_I_O)         0.096     3.602 r  CLK100MHZ_IBUF_BUFG_inst/O
                         net (fo=83, routed)          1.724     5.327    seven0/CLK
    SLICE_X3Y92          FDCE                                         r  seven0/state_r_reg[0]/C
  -------------------------------------------------------------------    -------------------
    SLICE_X3Y92          FDCE (Prop_fdce_C_Q)         0.456     5.783 r  seven0/state_r_reg[0]/Q
                         net (fo=7, routed)           1.040     6.822    seven0/state_r_reg[0]_0[0]
    SLICE_X3Y91          LUT3 (Prop_lut3_I2_O)        0.152     6.974 r  seven0/AN_OBUF[0]_inst_i_1/O
                         net (fo=6, routed)           0.955     7.929    top0/AN_OBUF[0]
    SLICE_X1Y92          LUT5 (Prop_lut5_I0_O)        0.351     8.280 r  top0/CD_OBUF_inst_i_1/O
                         net (fo=1, routed)           2.319    10.599    CD_OBUF
    K13                  OBUF (Prop_obuf_I_O)         3.758    14.357 r  CD_OBUF_inst/O
                         net (fo=0)                   0.000    14.357    CD
    K13                                                               r  CD (OUT)
  -------------------------------------------------------------------    -------------------

Slack:                    inf
  Source:                 seven0/state_r_reg[0]/C
                            (rising edge-triggered cell FDCE clocked by sys_clk_pin  {rise@0.000ns fall@5.000ns period=10.000ns})
  Destination:            CE
                            (output port)
  Path Group:             (none)
  Path Type:              Max at Slow Process Corner
  Data Path Delay:        8.778ns  (logic 4.468ns (50.896%)  route 4.310ns (49.104%))
  Logic Levels:           3  (LUT3=1 LUT5=1 OBUF=1)
  Clock Uncertainty:      0.025ns  ((TSJ^2 + TIJ^2)^1/2 + DJ) / 2 + PE
    Total System Jitter     (TSJ):    0.050ns
    Total Input Jitter      (TIJ):    0.000ns
    Discrete Jitter          (DJ):    0.000ns
    Phase Error              (PE):    0.000ns

    Location             Delay type                Incr(ns)  Path(ns)    Netlist Resource(s)
  -------------------------------------------------------------------    -------------------
                         (clock sys_clk_pin rise edge)
                                                      0.000     0.000 r  
    E3                                                0.000     0.000 r  CLK100MHZ (IN)
                         net (fo=0)                   0.000     0.000    CLK100MHZ
    E3                   IBUF (Prop_ibuf_I_O)         1.482     1.482 r  CLK100MHZ_IBUF_inst/O
                         net (fo=1, routed)           2.025     3.506    CLK100MHZ_IBUF
    BUFGCTRL_X0Y16       BUFG (Prop_bufg_I_O)         0.096     3.602 r  CLK100MHZ_IBUF_BUFG_inst/O
                         net (fo=83, routed)          1.724     5.327    seven0/CLK
    SLICE_X3Y92          FDCE                                         r  seven0/state_r_reg[0]/C
  -------------------------------------------------------------------    -------------------
    SLICE_X3Y92          FDCE (Prop_fdce_C_Q)         0.456     5.783 r  seven0/state_r_reg[0]/Q
                         net (fo=7, routed)           1.040     6.822    seven0/state_r_reg[0]_0[0]
    SLICE_X3Y91          LUT3 (Prop_lut3_I2_O)        0.152     6.974 r  seven0/AN_OBUF[0]_inst_i_1/O
                         net (fo=6, routed)           0.960     7.934    top0/AN_OBUF[0]
    SLICE_X1Y92          LUT5 (Prop_lut5_I0_O)        0.326     8.260 r  top0/CE_OBUF_inst_i_1/O
                         net (fo=1, routed)           2.311    10.571    CE_OBUF
    P15                  OBUF (Prop_obuf_I_O)         3.534    14.104 r  CE_OBUF_inst/O
                         net (fo=0)                   0.000    14.104    CE
    P15                                                               r  CE (OUT)
  -------------------------------------------------------------------    -------------------

Slack:                    inf
  Source:                 seven0/state_r_reg[2]/C
                            (rising edge-triggered cell FDCE clocked by sys_clk_pin  {rise@0.000ns fall@5.000ns period=10.000ns})
  Destination:            CB
                            (output port)
  Path Group:             (none)
  Path Type:              Max at Slow Process Corner
  Data Path Delay:        8.453ns  (logic 4.394ns (51.989%)  route 4.058ns (48.011%))
  Logic Levels:           3  (LUT2=1 LUT6=1 OBUF=1)
  Clock Uncertainty:      0.025ns  ((TSJ^2 + TIJ^2)^1/2 + DJ) / 2 + PE
    Total System Jitter     (TSJ):    0.050ns
    Total Input Jitter      (TIJ):    0.000ns
    Discrete Jitter          (DJ):    0.000ns
    Phase Error              (PE):    0.000ns

    Location             Delay type                Incr(ns)  Path(ns)    Netlist Resource(s)
  -------------------------------------------------------------------    -------------------
                         (clock sys_clk_pin rise edge)
                                                      0.000     0.000 r  
    E3                                                0.000     0.000 r  CLK100MHZ (IN)
                         net (fo=0)                   0.000     0.000    CLK100MHZ
    E3                   IBUF (Prop_ibuf_I_O)         1.482     1.482 r  CLK100MHZ_IBUF_inst/O
                         net (fo=1, routed)           2.025     3.506    CLK100MHZ_IBUF
    BUFGCTRL_X0Y16       BUFG (Prop_bufg_I_O)         0.096     3.602 r  CLK100MHZ_IBUF_BUFG_inst/O
                         net (fo=83, routed)          1.724     5.327    seven0/CLK
    SLICE_X3Y92          FDCE                                         r  seven0/state_r_reg[2]/C
  -------------------------------------------------------------------    -------------------
    SLICE_X3Y92          FDCE (Prop_fdce_C_Q)         0.419     5.746 r  seven0/state_r_reg[2]/Q
                         net (fo=4, routed)           0.809     6.555    seven0/state_r[2]
    SLICE_X3Y91          LUT2 (Prop_lut2_I1_O)        0.296     6.851 r  seven0/CB_OBUF_inst_i_2/O
                         net (fo=2, routed)           0.276     7.126    top0/CB
    SLICE_X3Y91          LUT6 (Prop_lut6_I1_O)        0.124     7.250 r  top0/CB_OBUF_inst_i_1/O
                         net (fo=1, routed)           2.974    10.224    CB_OBUF
    R10                  OBUF (Prop_obuf_I_O)         3.555    13.779 r  CB_OBUF_inst/O
                         net (fo=0)                   0.000    13.779    CB
    R10                                                               r  CB (OUT)
  -------------------------------------------------------------------    -------------------

Slack:                    inf
  Source:                 seven0/state_r_reg[0]/C
                            (rising edge-triggered cell FDCE clocked by sys_clk_pin  {rise@0.000ns fall@5.000ns period=10.000ns})
  Destination:            CG
                            (output port)
  Path Group:             (none)
  Path Type:              Max at Slow Process Corner
  Data Path Delay:        8.136ns  (logic 4.471ns (54.954%)  route 3.665ns (45.046%))
  Logic Levels:           3  (LUT3=1 LUT5=1 OBUF=1)
  Clock Uncertainty:      0.025ns  ((TSJ^2 + TIJ^2)^1/2 + DJ) / 2 + PE
    Total System Jitter     (TSJ):    0.050ns
    Total Input Jitter      (TIJ):    0.000ns
    Discrete Jitter          (DJ):    0.000ns
    Phase Error              (PE):    0.000ns

    Location             Delay type                Incr(ns)  Path(ns)    Netlist Resource(s)
  -------------------------------------------------------------------    -------------------
                         (clock sys_clk_pin rise edge)
                                                      0.000     0.000 r  
    E3                                                0.000     0.000 r  CLK100MHZ (IN)
                         net (fo=0)                   0.000     0.000    CLK100MHZ
    E3                   IBUF (Prop_ibuf_I_O)         1.482     1.482 r  CLK100MHZ_IBUF_inst/O
                         net (fo=1, routed)           2.025     3.506    CLK100MHZ_IBUF
    BUFGCTRL_X0Y16       BUFG (Prop_bufg_I_O)         0.096     3.602 r  CLK100MHZ_IBUF_BUFG_inst/O
                         net (fo=83, routed)          1.724     5.327    seven0/CLK
    SLICE_X3Y92          FDCE                                         r  seven0/state_r_reg[0]/C
  -------------------------------------------------------------------    -------------------
    SLICE_X3Y92          FDCE (Prop_fdce_C_Q)         0.456     5.783 r  seven0/state_r_reg[0]/Q
                         net (fo=7, routed)           1.040     6.822    seven0/state_r_reg[0]_0[0]
    SLICE_X3Y91          LUT3 (Prop_lut3_I2_O)        0.152     6.974 r  seven0/AN_OBUF[0]_inst_i_1/O
                         net (fo=6, routed)           0.955     7.929    top0/AN_OBUF[0]
    SLICE_X1Y92          LUT5 (Prop_lut5_I0_O)        0.326     8.255 r  top0/CG_OBUF_inst_i_1/O
                         net (fo=1, routed)           1.671     9.926    CG_OBUF
    L18                  OBUF (Prop_obuf_I_O)         3.537    13.463 r  CG_OBUF_inst/O
                         net (fo=0)                   0.000    13.463    CG
    L18                                                               r  CG (OUT)
  -------------------------------------------------------------------    -------------------

Slack:                    inf
  Source:                 seven0/state_r_reg[2]/C
                            (rising edge-triggered cell FDCE clocked by sys_clk_pin  {rise@0.000ns fall@5.000ns period=10.000ns})
  Destination:            CC
                            (output port)
  Path Group:             (none)
  Path Type:              Max at Slow Process Corner
  Data Path Delay:        8.011ns  (logic 4.332ns (54.075%)  route 3.679ns (45.925%))
  Logic Levels:           3  (LUT2=1 LUT6=1 OBUF=1)
  Clock Uncertainty:      0.025ns  ((TSJ^2 + TIJ^2)^1/2 + DJ) / 2 + PE
    Total System Jitter     (TSJ):    0.050ns
    Total Input Jitter      (TIJ):    0.000ns
    Discrete Jitter          (DJ):    0.000ns
    Phase Error              (PE):    0.000ns

    Location             Delay type                Incr(ns)  Path(ns)    Netlist Resource(s)
  -------------------------------------------------------------------    -------------------
                         (clock sys_clk_pin rise edge)
                                                      0.000     0.000 r  
    E3                                                0.000     0.000 r  CLK100MHZ (IN)
                         net (fo=0)                   0.000     0.000    CLK100MHZ
    E3                   IBUF (Prop_ibuf_I_O)         1.482     1.482 r  CLK100MHZ_IBUF_inst/O
                         net (fo=1, routed)           2.025     3.506    CLK100MHZ_IBUF
    BUFGCTRL_X0Y16       BUFG (Prop_bufg_I_O)         0.096     3.602 r  CLK100MHZ_IBUF_BUFG_inst/O
                         net (fo=83, routed)          1.724     5.327    seven0/CLK
    SLICE_X3Y92          FDCE                                         r  seven0/state_r_reg[2]/C
  -------------------------------------------------------------------    -------------------
    SLICE_X3Y92          FDCE (Prop_fdce_C_Q)         0.419     5.746 r  seven0/state_r_reg[2]/Q
                         net (fo=4, routed)           0.809     6.555    seven0/state_r[2]
    SLICE_X3Y91          LUT2 (Prop_lut2_I1_O)        0.296     6.851 r  seven0/CB_OBUF_inst_i_2/O
                         net (fo=2, routed)           0.822     7.672    top0/CB
    SLICE_X2Y92          LUT6 (Prop_lut6_I1_O)        0.124     7.796 r  top0/CC_OBUF_inst_i_1/O
                         net (fo=1, routed)           2.049     9.845    CC_OBUF
    K16                  OBUF (Prop_obuf_I_O)         3.493    13.338 r  CC_OBUF_inst/O
                         net (fo=0)                   0.000    13.338    CC
    K16                                                               r  CC (OUT)
  -------------------------------------------------------------------    -------------------

Slack:                    inf
  Source:                 seven0/state_r_reg[0]/C
                            (rising edge-triggered cell FDCE clocked by sys_clk_pin  {rise@0.000ns fall@5.000ns period=10.000ns})
  Destination:            AN[0]
                            (output port)
  Path Group:             (none)
  Path Type:              Max at Slow Process Corner
  Data Path Delay:        7.741ns  (logic 4.346ns (56.138%)  route 3.395ns (43.862%))
  Logic Levels:           2  (LUT3=1 OBUF=1)
  Clock Uncertainty:      0.025ns  ((TSJ^2 + TIJ^2)^1/2 + DJ) / 2 + PE
    Total System Jitter     (TSJ):    0.050ns
    Total Input Jitter      (TIJ):    0.000ns
    Discrete Jitter          (DJ):    0.000ns
    Phase Error              (PE):    0.000ns

    Location             Delay type                Incr(ns)  Path(ns)    Netlist Resource(s)
  -------------------------------------------------------------------    -------------------
                         (clock sys_clk_pin rise edge)
                                                      0.000     0.000 r  
    E3                                                0.000     0.000 r  CLK100MHZ (IN)
                         net (fo=0)                   0.000     0.000    CLK100MHZ
    E3                   IBUF (Prop_ibuf_I_O)         1.482     1.482 r  CLK100MHZ_IBUF_inst/O
                         net (fo=1, routed)           2.025     3.506    CLK100MHZ_IBUF
    BUFGCTRL_X0Y16       BUFG (Prop_bufg_I_O)         0.096     3.602 r  CLK100MHZ_IBUF_BUFG_inst/O
                         net (fo=83, routed)          1.724     5.327    seven0/CLK
    SLICE_X3Y92          FDCE                                         r  seven0/state_r_reg[0]/C
  -------------------------------------------------------------------    -------------------
    SLICE_X3Y92          FDCE (Prop_fdce_C_Q)         0.456     5.783 r  seven0/state_r_reg[0]/Q
                         net (fo=7, routed)           1.040     6.822    seven0/state_r_reg[0]_0[0]
    SLICE_X3Y91          LUT3 (Prop_lut3_I2_O)        0.152     6.974 r  seven0/AN_OBUF[0]_inst_i_1/O
                         net (fo=6, routed)           2.355     9.330    AN_OBUF[0]
    J17                  OBUF (Prop_obuf_I_O)         3.738    13.067 r  AN_OBUF[0]_inst/O
                         net (fo=0)                   0.000    13.067    AN[0]
    J17                                                               r  AN[0] (OUT)
  -------------------------------------------------------------------    -------------------

Slack:                    inf
  Source:                 seven0/state_r_reg[1]/C
                            (rising edge-triggered cell FDCE clocked by sys_clk_pin  {rise@0.000ns fall@5.000ns period=10.000ns})
  Destination:            AN[1]
                            (output port)
  Path Group:             (none)
  Path Type:              Max at Slow Process Corner
  Data Path Delay:        7.049ns  (logic 4.116ns (58.387%)  route 2.933ns (41.613%))
  Logic Levels:           2  (LUT6=1 OBUF=1)
  Clock Uncertainty:      0.025ns  ((TSJ^2 + TIJ^2)^1/2 + DJ) / 2 + PE
    Total System Jitter     (TSJ):    0.050ns
    Total Input Jitter      (TIJ):    0.000ns
    Discrete Jitter          (DJ):    0.000ns
    Phase Error              (PE):    0.000ns

    Location             Delay type                Incr(ns)  Path(ns)    Netlist Resource(s)
  -------------------------------------------------------------------    -------------------
                         (clock sys_clk_pin rise edge)
                                                      0.000     0.000 r  
    E3                                                0.000     0.000 r  CLK100MHZ (IN)
                         net (fo=0)                   0.000     0.000    CLK100MHZ
    E3                   IBUF (Prop_ibuf_I_O)         1.482     1.482 r  CLK100MHZ_IBUF_inst/O
                         net (fo=1, routed)           2.025     3.506    CLK100MHZ_IBUF
    BUFGCTRL_X0Y16       BUFG (Prop_bufg_I_O)         0.096     3.602 r  CLK100MHZ_IBUF_BUFG_inst/O
                         net (fo=83, routed)          1.724     5.327    seven0/CLK
    SLICE_X3Y92          FDCE                                         r  seven0/state_r_reg[1]/C
  -------------------------------------------------------------------    -------------------
    SLICE_X3Y92          FDCE (Prop_fdce_C_Q)         0.456     5.783 r  seven0/state_r_reg[1]/Q
                         net (fo=5, routed)           0.884     6.666    seven0/state_r[1]
    SLICE_X3Y92          LUT6 (Prop_lut6_I1_O)        0.124     6.790 r  seven0/AN_OBUF[1]_inst_i_1/O
                         net (fo=1, routed)           2.050     8.840    AN_OBUF[1]
    J18                  OBUF (Prop_obuf_I_O)         3.536    12.376 r  AN_OBUF[1]_inst/O
                         net (fo=0)                   0.000    12.376    AN[1]
    J18                                                               r  AN[1] (OUT)
  -------------------------------------------------------------------    -------------------





Min Delay Paths
--------------------------------------------------------------------------------------
Slack:                    inf
  Source:                 top0/random_out_r_reg[1]/C
                            (rising edge-triggered cell FDCE clocked by sys_clk_pin  {rise@0.000ns fall@5.000ns period=10.000ns})
  Destination:            CC
                            (output port)
  Path Group:             (none)
  Path Type:              Min at Fast Process Corner
  Data Path Delay:        1.999ns  (logic 1.380ns (69.043%)  route 0.619ns (30.957%))
  Logic Levels:           2  (LUT6=1 OBUF=1)
  Clock Uncertainty:      0.025ns  ((TSJ^2 + TIJ^2)^1/2 + DJ) / 2 + PE
    Total System Jitter     (TSJ):    0.050ns
    Total Input Jitter      (TIJ):    0.000ns
    Discrete Jitter          (DJ):    0.000ns
    Phase Error              (PE):    0.000ns

    Location             Delay type                Incr(ns)  Path(ns)    Netlist Resource(s)
  -------------------------------------------------------------------    -------------------
                         (clock sys_clk_pin rise edge)
                                                      0.000     0.000 r  
    E3                                                0.000     0.000 r  CLK100MHZ (IN)
                         net (fo=0)                   0.000     0.000    CLK100MHZ
    E3                   IBUF (Prop_ibuf_I_O)         0.250     0.250 r  CLK100MHZ_IBUF_inst/O
                         net (fo=1, routed)           0.644     0.894    CLK100MHZ_IBUF
    BUFGCTRL_X0Y16       BUFG (Prop_bufg_I_O)         0.026     0.920 r  CLK100MHZ_IBUF_BUFG_inst/O
                         net (fo=83, routed)          0.603     1.522    top0/CLK
    SLICE_X3Y91          FDCE                                         r  top0/random_out_r_reg[1]/C
  -------------------------------------------------------------------    -------------------
    SLICE_X3Y91          FDCE (Prop_fdce_C_Q)         0.141     1.663 r  top0/random_out_r_reg[1]/Q
                         net (fo=8, routed)           0.140     1.804    top0/Q[0]
    SLICE_X2Y92          LUT6 (Prop_lut6_I3_O)        0.045     1.849 r  top0/CC_OBUF_inst_i_1/O
                         net (fo=1, routed)           0.479     2.327    CC_OBUF
    K16                  OBUF (Prop_obuf_I_O)         1.194     3.522 r  CC_OBUF_inst/O
                         net (fo=0)                   0.000     3.522    CC
    K16                                                               r  CC (OUT)
  -------------------------------------------------------------------    -------------------

Slack:                    inf
  Source:                 top0/random_out_r_reg[1]/C
                            (rising edge-triggered cell FDCE clocked by sys_clk_pin  {rise@0.000ns fall@5.000ns period=10.000ns})
  Destination:            AN[1]
                            (output port)
  Path Group:             (none)
  Path Type:              Min at Fast Process Corner
  Data Path Delay:        2.046ns  (logic 1.422ns (69.514%)  route 0.624ns (30.486%))
  Logic Levels:           2  (LUT6=1 OBUF=1)
  Clock Uncertainty:      0.025ns  ((TSJ^2 + TIJ^2)^1/2 + DJ) / 2 + PE
    Total System Jitter     (TSJ):    0.050ns
    Total Input Jitter      (TIJ):    0.000ns
    Discrete Jitter          (DJ):    0.000ns
    Phase Error              (PE):    0.000ns

    Location             Delay type                Incr(ns)  Path(ns)    Netlist Resource(s)
  -------------------------------------------------------------------    -------------------
                         (clock sys_clk_pin rise edge)
                                                      0.000     0.000 r  
    E3                                                0.000     0.000 r  CLK100MHZ (IN)
                         net (fo=0)                   0.000     0.000    CLK100MHZ
    E3                   IBUF (Prop_ibuf_I_O)         0.250     0.250 r  CLK100MHZ_IBUF_inst/O
                         net (fo=1, routed)           0.644     0.894    CLK100MHZ_IBUF
    BUFGCTRL_X0Y16       BUFG (Prop_bufg_I_O)         0.026     0.920 r  CLK100MHZ_IBUF_BUFG_inst/O
                         net (fo=83, routed)          0.603     1.522    top0/CLK
    SLICE_X3Y91          FDCE                                         r  top0/random_out_r_reg[1]/C
  -------------------------------------------------------------------    -------------------
    SLICE_X3Y91          FDCE (Prop_fdce_C_Q)         0.141     1.663 f  top0/random_out_r_reg[1]/Q
                         net (fo=8, routed)           0.138     1.802    seven0/Q[0]
    SLICE_X3Y92          LUT6 (Prop_lut6_I4_O)        0.045     1.847 r  seven0/AN_OBUF[1]_inst_i_1/O
                         net (fo=1, routed)           0.486     2.332    AN_OBUF[1]
    J18                  OBUF (Prop_obuf_I_O)         1.236     3.569 r  AN_OBUF[1]_inst/O
                         net (fo=0)                   0.000     3.569    AN[1]
    J18                                                               r  AN[1] (OUT)
  -------------------------------------------------------------------    -------------------

Slack:                    inf
  Source:                 top0/random_out_r_reg[2]/C
                            (rising edge-triggered cell FDCE clocked by sys_clk_pin  {rise@0.000ns fall@5.000ns period=10.000ns})
  Destination:            CG
                            (output port)
  Path Group:             (none)
  Path Type:              Min at Fast Process Corner
  Data Path Delay:        2.052ns  (logic 1.424ns (69.397%)  route 0.628ns (30.603%))
  Logic Levels:           2  (LUT5=1 OBUF=1)
  Clock Uncertainty:      0.025ns  ((TSJ^2 + TIJ^2)^1/2 + DJ) / 2 + PE
    Total System Jitter     (TSJ):    0.050ns
    Total Input Jitter      (TIJ):    0.000ns
    Discrete Jitter          (DJ):    0.000ns
    Phase Error              (PE):    0.000ns

    Location             Delay type                Incr(ns)  Path(ns)    Netlist Resource(s)
  -------------------------------------------------------------------    -------------------
                         (clock sys_clk_pin rise edge)
                                                      0.000     0.000 r  
    E3                                                0.000     0.000 r  CLK100MHZ (IN)
                         net (fo=0)                   0.000     0.000    CLK100MHZ
    E3                   IBUF (Prop_ibuf_I_O)         0.250     0.250 r  CLK100MHZ_IBUF_inst/O
                         net (fo=1, routed)           0.644     0.894    CLK100MHZ_IBUF
    BUFGCTRL_X0Y16       BUFG (Prop_bufg_I_O)         0.026     0.920 r  CLK100MHZ_IBUF_BUFG_inst/O
                         net (fo=83, routed)          0.603     1.522    top0/CLK
    SLICE_X3Y91          FDCE                                         r  top0/random_out_r_reg[2]/C
  -------------------------------------------------------------------    -------------------
    SLICE_X3Y91          FDCE (Prop_fdce_C_Q)         0.141     1.663 r  top0/random_out_r_reg[2]/Q
                         net (fo=8, routed)           0.289     1.953    top0/Q[1]
    SLICE_X1Y92          LUT5 (Prop_lut5_I4_O)        0.045     1.998 r  top0/CG_OBUF_inst_i_1/O
                         net (fo=1, routed)           0.339     2.336    CG_OBUF
    L18                  OBUF (Prop_obuf_I_O)         1.238     3.574 r  CG_OBUF_inst/O
                         net (fo=0)                   0.000     3.574    CG
    L18                                                               r  CG (OUT)
  -------------------------------------------------------------------    -------------------

Slack:                    inf
  Source:                 top0/random_out_r_reg[2]/C
                            (rising edge-triggered cell FDCE clocked by sys_clk_pin  {rise@0.000ns fall@5.000ns period=10.000ns})
  Destination:            CE
                            (output port)
  Path Group:             (none)
  Path Type:              Min at Fast Process Corner
  Data Path Delay:        2.277ns  (logic 1.420ns (62.391%)  route 0.856ns (37.609%))
  Logic Levels:           2  (LUT5=1 OBUF=1)
  Clock Uncertainty:      0.025ns  ((TSJ^2 + TIJ^2)^1/2 + DJ) / 2 + PE
    Total System Jitter     (TSJ):    0.050ns
    Total Input Jitter      (TIJ):    0.000ns
    Discrete Jitter          (DJ):    0.000ns
    Phase Error              (PE):    0.000ns

    Location             Delay type                Incr(ns)  Path(ns)    Netlist Resource(s)
  -------------------------------------------------------------------    -------------------
                         (clock sys_clk_pin rise edge)
                                                      0.000     0.000 r  
    E3                                                0.000     0.000 r  CLK100MHZ (IN)
                         net (fo=0)                   0.000     0.000    CLK100MHZ
    E3                   IBUF (Prop_ibuf_I_O)         0.250     0.250 r  CLK100MHZ_IBUF_inst/O
                         net (fo=1, routed)           0.644     0.894    CLK100MHZ_IBUF
    BUFGCTRL_X0Y16       BUFG (Prop_bufg_I_O)         0.026     0.920 r  CLK100MHZ_IBUF_BUFG_inst/O
                         net (fo=83, routed)          0.603     1.522    top0/CLK
    SLICE_X3Y91          FDCE                                         r  top0/random_out_r_reg[2]/C
  -------------------------------------------------------------------    -------------------
    SLICE_X3Y91          FDCE (Prop_fdce_C_Q)         0.141     1.663 r  top0/random_out_r_reg[2]/Q
                         net (fo=8, routed)           0.234     1.898    top0/Q[1]
    SLICE_X1Y92          LUT5 (Prop_lut5_I2_O)        0.045     1.943 r  top0/CE_OBUF_inst_i_1/O
                         net (fo=1, routed)           0.622     2.565    CE_OBUF
    P15                  OBUF (Prop_obuf_I_O)         1.234     3.799 r  CE_OBUF_inst/O
                         net (fo=0)                   0.000     3.799    CE
    P15                                                               r  CE (OUT)
  -------------------------------------------------------------------    -------------------

Slack:                    inf
  Source:                 seven0/state_r_reg[1]/C
                            (rising edge-triggered cell FDCE clocked by sys_clk_pin  {rise@0.000ns fall@5.000ns period=10.000ns})
  Destination:            AN[0]
                            (output port)
  Path Group:             (none)
  Path Type:              Min at Fast Process Corner
  Data Path Delay:        2.320ns  (logic 1.485ns (64.024%)  route 0.835ns (35.976%))
  Logic Levels:           2  (LUT3=1 OBUF=1)
  Clock Uncertainty:      0.025ns  ((TSJ^2 + TIJ^2)^1/2 + DJ) / 2 + PE
    Total System Jitter     (TSJ):    0.050ns
    Total Input Jitter      (TIJ):    0.000ns
    Discrete Jitter          (DJ):    0.000ns
    Phase Error              (PE):    0.000ns

    Location             Delay type                Incr(ns)  Path(ns)    Netlist Resource(s)
  -------------------------------------------------------------------    -------------------
                         (clock sys_clk_pin rise edge)
                                                      0.000     0.000 r  
    E3                                                0.000     0.000 r  CLK100MHZ (IN)
                         net (fo=0)                   0.000     0.000    CLK100MHZ
    E3                   IBUF (Prop_ibuf_I_O)         0.250     0.250 r  CLK100MHZ_IBUF_inst/O
                         net (fo=1, routed)           0.644     0.894    CLK100MHZ_IBUF
    BUFGCTRL_X0Y16       BUFG (Prop_bufg_I_O)         0.026     0.920 r  CLK100MHZ_IBUF_BUFG_inst/O
                         net (fo=83, routed)          0.603     1.522    seven0/CLK
    SLICE_X3Y92          FDCE                                         r  seven0/state_r_reg[1]/C
  -------------------------------------------------------------------    -------------------
    SLICE_X3Y92          FDCE (Prop_fdce_C_Q)         0.141     1.663 r  seven0/state_r_reg[1]/Q
                         net (fo=5, routed)           0.211     1.875    seven0/state_r[1]
    SLICE_X3Y91          LUT3 (Prop_lut3_I1_O)        0.046     1.921 r  seven0/AN_OBUF[0]_inst_i_1/O
                         net (fo=6, routed)           0.623     2.544    AN_OBUF[0]
    J17                  OBUF (Prop_obuf_I_O)         1.298     3.842 r  AN_OBUF[0]_inst/O
                         net (fo=0)                   0.000     3.842    AN[0]
    J17                                                               r  AN[0] (OUT)
  -------------------------------------------------------------------    -------------------

Slack:                    inf
  Source:                 top0/random_out_r_reg[2]/C
                            (rising edge-triggered cell FDCE clocked by sys_clk_pin  {rise@0.000ns fall@5.000ns period=10.000ns})
  Destination:            CD
                            (output port)
  Path Group:             (none)
  Path Type:              Min at Fast Process Corner
  Data Path Delay:        2.412ns  (logic 1.503ns (62.309%)  route 0.909ns (37.691%))
  Logic Levels:           2  (LUT5=1 OBUF=1)
  Clock Uncertainty:      0.025ns  ((TSJ^2 + TIJ^2)^1/2 + DJ) / 2 + PE
    Total System Jitter     (TSJ):    0.050ns
    Total Input Jitter      (TIJ):    0.000ns
    Discrete Jitter          (DJ):    0.000ns
    Phase Error              (PE):    0.000ns

    Location             Delay type                Incr(ns)  Path(ns)    Netlist Resource(s)
  -------------------------------------------------------------------    -------------------
                         (clock sys_clk_pin rise edge)
                                                      0.000     0.000 r  
    E3                                                0.000     0.000 r  CLK100MHZ (IN)
                         net (fo=0)                   0.000     0.000    CLK100MHZ
    E3                   IBUF (Prop_ibuf_I_O)         0.250     0.250 r  CLK100MHZ_IBUF_inst/O
                         net (fo=1, routed)           0.644     0.894    CLK100MHZ_IBUF
    BUFGCTRL_X0Y16       BUFG (Prop_bufg_I_O)         0.026     0.920 r  CLK100MHZ_IBUF_BUFG_inst/O
                         net (fo=83, routed)          0.603     1.522    top0/CLK
    SLICE_X3Y91          FDCE                                         r  top0/random_out_r_reg[2]/C
  -------------------------------------------------------------------    -------------------
    SLICE_X3Y91          FDCE (Prop_fdce_C_Q)         0.141     1.663 r  top0/random_out_r_reg[2]/Q
                         net (fo=8, routed)           0.289     1.953    top0/Q[1]
    SLICE_X1Y92          LUT5 (Prop_lut5_I4_O)        0.044     1.997 r  top0/CD_OBUF_inst_i_1/O
                         net (fo=1, routed)           0.620     2.616    CD_OBUF
    K13                  OBUF (Prop_obuf_I_O)         1.318     3.934 r  CD_OBUF_inst/O
                         net (fo=0)                   0.000     3.934    CD
    K13                                                               r  CD (OUT)
  -------------------------------------------------------------------    -------------------

Slack:                    inf
  Source:                 top0/random_out_r_reg[0]/C
                            (rising edge-triggered cell FDCE clocked by sys_clk_pin  {rise@0.000ns fall@5.000ns period=10.000ns})
  Destination:            CA
                            (output port)
  Path Group:             (none)
  Path Type:              Min at Fast Process Corner
  Data Path Delay:        2.475ns  (logic 1.463ns (59.137%)  route 1.011ns (40.863%))
  Logic Levels:           2  (LUT5=1 OBUF=1)
  Clock Uncertainty:      0.025ns  ((TSJ^2 + TIJ^2)^1/2 + DJ) / 2 + PE
    Total System Jitter     (TSJ):    0.050ns
    Total Input Jitter      (TIJ):    0.000ns
    Discrete Jitter          (DJ):    0.000ns
    Phase Error              (PE):    0.000ns

    Location             Delay type                Incr(ns)  Path(ns)    Netlist Resource(s)
  -------------------------------------------------------------------    -------------------
                         (clock sys_clk_pin rise edge)
                                                      0.000     0.000 r  
    E3                                                0.000     0.000 r  CLK100MHZ (IN)
                         net (fo=0)                   0.000     0.000    CLK100MHZ
    E3                   IBUF (Prop_ibuf_I_O)         0.250     0.250 r  CLK100MHZ_IBUF_inst/O
                         net (fo=1, routed)           0.644     0.894    CLK100MHZ_IBUF
    BUFGCTRL_X0Y16       BUFG (Prop_bufg_I_O)         0.026     0.920 r  CLK100MHZ_IBUF_BUFG_inst/O
                         net (fo=83, routed)          0.603     1.522    top0/CLK
    SLICE_X3Y91          FDCE                                         r  top0/random_out_r_reg[0]/C
  -------------------------------------------------------------------    -------------------
    SLICE_X3Y91          FDCE (Prop_fdce_C_Q)         0.141     1.663 r  top0/random_out_r_reg[0]/Q
                         net (fo=7, routed)           0.106     1.770    top0/random_out_r[0]
    SLICE_X1Y91          LUT5 (Prop_lut5_I2_O)        0.045     1.815 r  top0/CA_OBUF_inst_i_1/O
                         net (fo=1, routed)           0.905     2.720    CA_OBUF
    T10                  OBUF (Prop_obuf_I_O)         1.277     3.997 r  CA_OBUF_inst/O
                         net (fo=0)                   0.000     3.997    CA
    T10                                                               r  CA (OUT)
  -------------------------------------------------------------------    -------------------

Slack:                    inf
  Source:                 seven0/state_r_reg[0]/C
                            (rising edge-triggered cell FDCE clocked by sys_clk_pin  {rise@0.000ns fall@5.000ns period=10.000ns})
  Destination:            CB
                            (output port)
  Path Group:             (none)
  Path Type:              Min at Fast Process Corner
  Data Path Delay:        2.491ns  (logic 1.442ns (57.890%)  route 1.049ns (42.110%))
  Logic Levels:           2  (LUT6=1 OBUF=1)
  Clock Uncertainty:      0.025ns  ((TSJ^2 + TIJ^2)^1/2 + DJ) / 2 + PE
    Total System Jitter     (TSJ):    0.050ns
    Total Input Jitter      (TIJ):    0.000ns
    Discrete Jitter          (DJ):    0.000ns
    Phase Error              (PE):    0.000ns

    Location             Delay type                Incr(ns)  Path(ns)    Netlist Resource(s)
  -------------------------------------------------------------------    -------------------
                         (clock sys_clk_pin rise edge)
                                                      0.000     0.000 r  
    E3                                                0.000     0.000 r  CLK100MHZ (IN)
                         net (fo=0)                   0.000     0.000    CLK100MHZ
    E3                   IBUF (Prop_ibuf_I_O)         0.250     0.250 r  CLK100MHZ_IBUF_inst/O
                         net (fo=1, routed)           0.644     0.894    CLK100MHZ_IBUF
    BUFGCTRL_X0Y16       BUFG (Prop_bufg_I_O)         0.026     0.920 r  CLK100MHZ_IBUF_BUFG_inst/O
                         net (fo=83, routed)          0.603     1.522    seven0/CLK
    SLICE_X3Y92          FDCE                                         r  seven0/state_r_reg[0]/C
  -------------------------------------------------------------------    -------------------
    SLICE_X3Y92          FDCE (Prop_fdce_C_Q)         0.141     1.663 r  seven0/state_r_reg[0]/Q
                         net (fo=7, routed)           0.157     1.821    top0/CB_0[0]
    SLICE_X3Y91          LUT6 (Prop_lut6_I5_O)        0.045     1.866 r  top0/CB_OBUF_inst_i_1/O
                         net (fo=1, routed)           0.892     2.757    CB_OBUF
    R10                  OBUF (Prop_obuf_I_O)         1.256     4.013 r  CB_OBUF_inst/O
                         net (fo=0)                   0.000     4.013    CB
    R10                                                               r  CB (OUT)
  -------------------------------------------------------------------    -------------------

Slack:                    inf
  Source:                 top0/random_out_r_reg[2]/C
                            (rising edge-triggered cell FDCE clocked by sys_clk_pin  {rise@0.000ns fall@5.000ns period=10.000ns})
  Destination:            CF
                            (output port)
  Path Group:             (none)
  Path Type:              Min at Fast Process Corner
  Data Path Delay:        2.498ns  (logic 1.518ns (60.792%)  route 0.979ns (39.208%))
  Logic Levels:           2  (LUT5=1 OBUF=1)
  Clock Uncertainty:      0.025ns  ((TSJ^2 + TIJ^2)^1/2 + DJ) / 2 + PE
    Total System Jitter     (TSJ):    0.050ns
    Total Input Jitter      (TIJ):    0.000ns
    Discrete Jitter          (DJ):    0.000ns
    Phase Error              (PE):    0.000ns

    Location             Delay type                Incr(ns)  Path(ns)    Netlist Resource(s)
  -------------------------------------------------------------------    -------------------
                         (clock sys_clk_pin rise edge)
                                                      0.000     0.000 r  
    E3                                                0.000     0.000 r  CLK100MHZ (IN)
                         net (fo=0)                   0.000     0.000    CLK100MHZ
    E3                   IBUF (Prop_ibuf_I_O)         0.250     0.250 r  CLK100MHZ_IBUF_inst/O
                         net (fo=1, routed)           0.644     0.894    CLK100MHZ_IBUF
    BUFGCTRL_X0Y16       BUFG (Prop_bufg_I_O)         0.026     0.920 r  CLK100MHZ_IBUF_BUFG_inst/O
                         net (fo=83, routed)          0.603     1.522    top0/CLK
    SLICE_X3Y91          FDCE                                         r  top0/random_out_r_reg[2]/C
  -------------------------------------------------------------------    -------------------
    SLICE_X3Y91          FDCE (Prop_fdce_C_Q)         0.141     1.663 r  top0/random_out_r_reg[2]/Q
                         net (fo=8, routed)           0.234     1.898    top0/Q[1]
    SLICE_X1Y92          LUT5 (Prop_lut5_I4_O)        0.051     1.949 r  top0/CF_OBUF_inst_i_1/O
                         net (fo=1, routed)           0.745     2.694    CF_OBUF
    T11                  OBUF (Prop_obuf_I_O)         1.326     4.020 r  CF_OBUF_inst/O
                         net (fo=0)                   0.000     4.020    CF
    T11                                                               r  CF (OUT)
  -------------------------------------------------------------------    -------------------





--------------------------------------------------------------------------------------
Path Group:  (none)
From Clock:  
  To Clock:  sys_clk_pin

Max Delay            83 Endpoints
Min Delay            83 Endpoints
--------------------------------------------------------------------------------------


Max Delay Paths
--------------------------------------------------------------------------------------
Slack:                    inf
  Source:                 BTNC
                            (input port)
  Destination:            top0/base_timer_r_reg[1]/CLR
                            (recovery check against rising-edge clock sys_clk_pin  {rise@0.000ns fall@5.000ns period=10.000ns})
  Path Group:             (none)
  Path Type:              Recovery (Max at Slow Process Corner)
  Data Path Delay:        3.974ns  (logic 1.477ns (37.156%)  route 2.497ns (62.844%))
  Logic Levels:           1  (IBUF=1)
  Clock Path Skew:        5.026ns (DCD - SCD + CPR)
    Destination Clock Delay (DCD):    5.026ns
    Source Clock Delay      (SCD):    0.000ns
    Clock Pessimism Removal (CPR):    0.000ns
  Clock Uncertainty:      0.025ns  ((TSJ^2 + TIJ^2)^1/2 + DJ) / 2 + PE
    Total System Jitter     (TSJ):    0.050ns
    Total Input Jitter      (TIJ):    0.000ns
    Discrete Jitter          (DJ):    0.000ns
    Phase Error              (PE):    0.000ns

    Location             Delay type                Incr(ns)  Path(ns)    Netlist Resource(s)
  -------------------------------------------------------------------    -------------------
    N17                                               0.000     0.000 f  BTNC (IN)
                         net (fo=0)                   0.000     0.000    BTNC
    N17                  IBUF (Prop_ibuf_I_O)         1.477     1.477 f  BTNC_IBUF_inst/O
                         net (fo=63, routed)          2.497     3.974    top0/AR[0]
    SLICE_X3Y90          FDCE                                         f  top0/base_timer_r_reg[1]/CLR
  -------------------------------------------------------------------    -------------------

                         (clock sys_clk_pin rise edge)
                                                      0.000     0.000 r  
    E3                                                0.000     0.000 r  CLK100MHZ (IN)
                         net (fo=0)                   0.000     0.000    CLK100MHZ
    E3                   IBUF (Prop_ibuf_I_O)         1.411     1.411 r  CLK100MHZ_IBUF_inst/O
                         net (fo=1, routed)           1.920     3.331    CLK100MHZ_IBUF
    BUFGCTRL_X0Y16       BUFG (Prop_bufg_I_O)         0.091     3.422 r  CLK100MHZ_IBUF_BUFG_inst/O
                         net (fo=83, routed)          1.603     5.026    top0/CLK
    SLICE_X3Y90          FDCE                                         r  top0/base_timer_r_reg[1]/C

Slack:                    inf
  Source:                 BTNC
                            (input port)
  Destination:            top0/base_timer_r_reg[2]/CLR
                            (recovery check against rising-edge clock sys_clk_pin  {rise@0.000ns fall@5.000ns period=10.000ns})
  Path Group:             (none)
  Path Type:              Recovery (Max at Slow Process Corner)
  Data Path Delay:        3.974ns  (logic 1.477ns (37.156%)  route 2.497ns (62.844%))
  Logic Levels:           1  (IBUF=1)
  Clock Path Skew:        5.026ns (DCD - SCD + CPR)
    Destination Clock Delay (DCD):    5.026ns
    Source Clock Delay      (SCD):    0.000ns
    Clock Pessimism Removal (CPR):    0.000ns
  Clock Uncertainty:      0.025ns  ((TSJ^2 + TIJ^2)^1/2 + DJ) / 2 + PE
    Total System Jitter     (TSJ):    0.050ns
    Total Input Jitter      (TIJ):    0.000ns
    Discrete Jitter          (DJ):    0.000ns
    Phase Error              (PE):    0.000ns

    Location             Delay type                Incr(ns)  Path(ns)    Netlist Resource(s)
  -------------------------------------------------------------------    -------------------
    N17                                               0.000     0.000 f  BTNC (IN)
                         net (fo=0)                   0.000     0.000    BTNC
    N17                  IBUF (Prop_ibuf_I_O)         1.477     1.477 f  BTNC_IBUF_inst/O
                         net (fo=63, routed)          2.497     3.974    top0/AR[0]
    SLICE_X3Y90          FDCE                                         f  top0/base_timer_r_reg[2]/CLR
  -------------------------------------------------------------------    -------------------

                         (clock sys_clk_pin rise edge)
                                                      0.000     0.000 r  
    E3                                                0.000     0.000 r  CLK100MHZ (IN)
                         net (fo=0)                   0.000     0.000    CLK100MHZ
    E3                   IBUF (Prop_ibuf_I_O)         1.411     1.411 r  CLK100MHZ_IBUF_inst/O
                         net (fo=1, routed)           1.920     3.331    CLK100MHZ_IBUF
    BUFGCTRL_X0Y16       BUFG (Prop_bufg_I_O)         0.091     3.422 r  CLK100MHZ_IBUF_BUFG_inst/O
                         net (fo=83, routed)          1.603     5.026    top0/CLK
    SLICE_X3Y90          FDCE                                         r  top0/base_timer_r_reg[2]/C

Slack:                    inf
  Source:                 BTNC
                            (input port)
  Destination:            top0/base_timer_r_reg[3]/CLR
                            (recovery check against rising-edge clock sys_clk_pin  {rise@0.000ns fall@5.000ns period=10.000ns})
  Path Group:             (none)
  Path Type:              Recovery (Max at Slow Process Corner)
  Data Path Delay:        3.974ns  (logic 1.477ns (37.156%)  route 2.497ns (62.844%))
  Logic Levels:           1  (IBUF=1)
  Clock Path Skew:        5.026ns (DCD - SCD + CPR)
    Destination Clock Delay (DCD):    5.026ns
    Source Clock Delay      (SCD):    0.000ns
    Clock Pessimism Removal (CPR):    0.000ns
  Clock Uncertainty:      0.025ns  ((TSJ^2 + TIJ^2)^1/2 + DJ) / 2 + PE
    Total System Jitter     (TSJ):    0.050ns
    Total Input Jitter      (TIJ):    0.000ns
    Discrete Jitter          (DJ):    0.000ns
    Phase Error              (PE):    0.000ns

    Location             Delay type                Incr(ns)  Path(ns)    Netlist Resource(s)
  -------------------------------------------------------------------    -------------------
    N17                                               0.000     0.000 f  BTNC (IN)
                         net (fo=0)                   0.000     0.000    BTNC
    N17                  IBUF (Prop_ibuf_I_O)         1.477     1.477 f  BTNC_IBUF_inst/O
                         net (fo=63, routed)          2.497     3.974    top0/AR[0]
    SLICE_X3Y90          FDCE                                         f  top0/base_timer_r_reg[3]/CLR
  -------------------------------------------------------------------    -------------------

                         (clock sys_clk_pin rise edge)
                                                      0.000     0.000 r  
    E3                                                0.000     0.000 r  CLK100MHZ (IN)
                         net (fo=0)                   0.000     0.000    CLK100MHZ
    E3                   IBUF (Prop_ibuf_I_O)         1.411     1.411 r  CLK100MHZ_IBUF_inst/O
                         net (fo=1, routed)           1.920     3.331    CLK100MHZ_IBUF
    BUFGCTRL_X0Y16       BUFG (Prop_bufg_I_O)         0.091     3.422 r  CLK100MHZ_IBUF_BUFG_inst/O
                         net (fo=83, routed)          1.603     5.026    top0/CLK
    SLICE_X3Y90          FDCE                                         r  top0/base_timer_r_reg[3]/C

Slack:                    inf
  Source:                 BTNC
                            (input port)
  Destination:            top0/base_timer_r_reg[4]/CLR
                            (recovery check against rising-edge clock sys_clk_pin  {rise@0.000ns fall@5.000ns period=10.000ns})
  Path Group:             (none)
  Path Type:              Recovery (Max at Slow Process Corner)
  Data Path Delay:        3.974ns  (logic 1.477ns (37.156%)  route 2.497ns (62.844%))
  Logic Levels:           1  (IBUF=1)
  Clock Path Skew:        5.026ns (DCD - SCD + CPR)
    Destination Clock Delay (DCD):    5.026ns
    Source Clock Delay      (SCD):    0.000ns
    Clock Pessimism Removal (CPR):    0.000ns
  Clock Uncertainty:      0.025ns  ((TSJ^2 + TIJ^2)^1/2 + DJ) / 2 + PE
    Total System Jitter     (TSJ):    0.050ns
    Total Input Jitter      (TIJ):    0.000ns
    Discrete Jitter          (DJ):    0.000ns
    Phase Error              (PE):    0.000ns

    Location             Delay type                Incr(ns)  Path(ns)    Netlist Resource(s)
  -------------------------------------------------------------------    -------------------
    N17                                               0.000     0.000 f  BTNC (IN)
                         net (fo=0)                   0.000     0.000    BTNC
    N17                  IBUF (Prop_ibuf_I_O)         1.477     1.477 f  BTNC_IBUF_inst/O
                         net (fo=63, routed)          2.497     3.974    top0/AR[0]
    SLICE_X3Y90          FDCE                                         f  top0/base_timer_r_reg[4]/CLR
  -------------------------------------------------------------------    -------------------

                         (clock sys_clk_pin rise edge)
                                                      0.000     0.000 r  
    E3                                                0.000     0.000 r  CLK100MHZ (IN)
                         net (fo=0)                   0.000     0.000    CLK100MHZ
    E3                   IBUF (Prop_ibuf_I_O)         1.411     1.411 r  CLK100MHZ_IBUF_inst/O
                         net (fo=1, routed)           1.920     3.331    CLK100MHZ_IBUF
    BUFGCTRL_X0Y16       BUFG (Prop_bufg_I_O)         0.091     3.422 r  CLK100MHZ_IBUF_BUFG_inst/O
                         net (fo=83, routed)          1.603     5.026    top0/CLK
    SLICE_X3Y90          FDCE                                         r  top0/base_timer_r_reg[4]/C

Slack:                    inf
  Source:                 BTNC
                            (input port)
  Destination:            top0/base_timer_r_reg[5]/CLR
                            (recovery check against rising-edge clock sys_clk_pin  {rise@0.000ns fall@5.000ns period=10.000ns})
  Path Group:             (none)
  Path Type:              Recovery (Max at Slow Process Corner)
  Data Path Delay:        3.974ns  (logic 1.477ns (37.156%)  route 2.497ns (62.844%))
  Logic Levels:           1  (IBUF=1)
  Clock Path Skew:        5.026ns (DCD - SCD + CPR)
    Destination Clock Delay (DCD):    5.026ns
    Source Clock Delay      (SCD):    0.000ns
    Clock Pessimism Removal (CPR):    0.000ns
  Clock Uncertainty:      0.025ns  ((TSJ^2 + TIJ^2)^1/2 + DJ) / 2 + PE
    Total System Jitter     (TSJ):    0.050ns
    Total Input Jitter      (TIJ):    0.000ns
    Discrete Jitter          (DJ):    0.000ns
    Phase Error              (PE):    0.000ns

    Location             Delay type                Incr(ns)  Path(ns)    Netlist Resource(s)
  -------------------------------------------------------------------    -------------------
    N17                                               0.000     0.000 f  BTNC (IN)
                         net (fo=0)                   0.000     0.000    BTNC
    N17                  IBUF (Prop_ibuf_I_O)         1.477     1.477 f  BTNC_IBUF_inst/O
                         net (fo=63, routed)          2.497     3.974    top0/AR[0]
    SLICE_X2Y90          FDCE                                         f  top0/base_timer_r_reg[5]/CLR
  -------------------------------------------------------------------    -------------------

                         (clock sys_clk_pin rise edge)
                                                      0.000     0.000 r  
    E3                                                0.000     0.000 r  CLK100MHZ (IN)
                         net (fo=0)                   0.000     0.000    CLK100MHZ
    E3                   IBUF (Prop_ibuf_I_O)         1.411     1.411 r  CLK100MHZ_IBUF_inst/O
                         net (fo=1, routed)           1.920     3.331    CLK100MHZ_IBUF
    BUFGCTRL_X0Y16       BUFG (Prop_bufg_I_O)         0.091     3.422 r  CLK100MHZ_IBUF_BUFG_inst/O
                         net (fo=83, routed)          1.603     5.026    top0/CLK
    SLICE_X2Y90          FDCE                                         r  top0/base_timer_r_reg[5]/C

Slack:                    inf
  Source:                 BTNC
                            (input port)
  Destination:            top0/base_timer_r_reg[6]/CLR
                            (recovery check against rising-edge clock sys_clk_pin  {rise@0.000ns fall@5.000ns period=10.000ns})
  Path Group:             (none)
  Path Type:              Recovery (Max at Slow Process Corner)
  Data Path Delay:        3.974ns  (logic 1.477ns (37.156%)  route 2.497ns (62.844%))
  Logic Levels:           1  (IBUF=1)
  Clock Path Skew:        5.026ns (DCD - SCD + CPR)
    Destination Clock Delay (DCD):    5.026ns
    Source Clock Delay      (SCD):    0.000ns
    Clock Pessimism Removal (CPR):    0.000ns
  Clock Uncertainty:      0.025ns  ((TSJ^2 + TIJ^2)^1/2 + DJ) / 2 + PE
    Total System Jitter     (TSJ):    0.050ns
    Total Input Jitter      (TIJ):    0.000ns
    Discrete Jitter          (DJ):    0.000ns
    Phase Error              (PE):    0.000ns

    Location             Delay type                Incr(ns)  Path(ns)    Netlist Resource(s)
  -------------------------------------------------------------------    -------------------
    N17                                               0.000     0.000 f  BTNC (IN)
                         net (fo=0)                   0.000     0.000    BTNC
    N17                  IBUF (Prop_ibuf_I_O)         1.477     1.477 f  BTNC_IBUF_inst/O
                         net (fo=63, routed)          2.497     3.974    top0/AR[0]
    SLICE_X2Y90          FDCE                                         f  top0/base_timer_r_reg[6]/CLR
  -------------------------------------------------------------------    -------------------

                         (clock sys_clk_pin rise edge)
                                                      0.000     0.000 r  
    E3                                                0.000     0.000 r  CLK100MHZ (IN)
                         net (fo=0)                   0.000     0.000    CLK100MHZ
    E3                   IBUF (Prop_ibuf_I_O)         1.411     1.411 r  CLK100MHZ_IBUF_inst/O
                         net (fo=1, routed)           1.920     3.331    CLK100MHZ_IBUF
    BUFGCTRL_X0Y16       BUFG (Prop_bufg_I_O)         0.091     3.422 r  CLK100MHZ_IBUF_BUFG_inst/O
                         net (fo=83, routed)          1.603     5.026    top0/CLK
    SLICE_X2Y90          FDCE                                         r  top0/base_timer_r_reg[6]/C

Slack:                    inf
  Source:                 BTNC
                            (input port)
  Destination:            top0/base_timer_r_reg[7]/CLR
                            (recovery check against rising-edge clock sys_clk_pin  {rise@0.000ns fall@5.000ns period=10.000ns})
  Path Group:             (none)
  Path Type:              Recovery (Max at Slow Process Corner)
  Data Path Delay:        3.974ns  (logic 1.477ns (37.156%)  route 2.497ns (62.844%))
  Logic Levels:           1  (IBUF=1)
  Clock Path Skew:        5.026ns (DCD - SCD + CPR)
    Destination Clock Delay (DCD):    5.026ns
    Source Clock Delay      (SCD):    0.000ns
    Clock Pessimism Removal (CPR):    0.000ns
  Clock Uncertainty:      0.025ns  ((TSJ^2 + TIJ^2)^1/2 + DJ) / 2 + PE
    Total System Jitter     (TSJ):    0.050ns
    Total Input Jitter      (TIJ):    0.000ns
    Discrete Jitter          (DJ):    0.000ns
    Phase Error              (PE):    0.000ns

    Location             Delay type                Incr(ns)  Path(ns)    Netlist Resource(s)
  -------------------------------------------------------------------    -------------------
    N17                                               0.000     0.000 f  BTNC (IN)
                         net (fo=0)                   0.000     0.000    BTNC
    N17                  IBUF (Prop_ibuf_I_O)         1.477     1.477 f  BTNC_IBUF_inst/O
                         net (fo=63, routed)          2.497     3.974    top0/AR[0]
    SLICE_X2Y90          FDCE                                         f  top0/base_timer_r_reg[7]/CLR
  -------------------------------------------------------------------    -------------------

                         (clock sys_clk_pin rise edge)
                                                      0.000     0.000 r  
    E3                                                0.000     0.000 r  CLK100MHZ (IN)
                         net (fo=0)                   0.000     0.000    CLK100MHZ
    E3                   IBUF (Prop_ibuf_I_O)         1.411     1.411 r  CLK100MHZ_IBUF_inst/O
                         net (fo=1, routed)           1.920     3.331    CLK100MHZ_IBUF
    BUFGCTRL_X0Y16       BUFG (Prop_bufg_I_O)         0.091     3.422 r  CLK100MHZ_IBUF_BUFG_inst/O
                         net (fo=83, routed)          1.603     5.026    top0/CLK
    SLICE_X2Y90          FDCE                                         r  top0/base_timer_r_reg[7]/C

Slack:                    inf
  Source:                 BTNC
                            (input port)
  Destination:            top0/base_timer_r_reg[8]/CLR
                            (recovery check against rising-edge clock sys_clk_pin  {rise@0.000ns fall@5.000ns period=10.000ns})
  Path Group:             (none)
  Path Type:              Recovery (Max at Slow Process Corner)
  Data Path Delay:        3.974ns  (logic 1.477ns (37.156%)  route 2.497ns (62.844%))
  Logic Levels:           1  (IBUF=1)
  Clock Path Skew:        5.026ns (DCD - SCD + CPR)
    Destination Clock Delay (DCD):    5.026ns
    Source Clock Delay      (SCD):    0.000ns
    Clock Pessimism Removal (CPR):    0.000ns
  Clock Uncertainty:      0.025ns  ((TSJ^2 + TIJ^2)^1/2 + DJ) / 2 + PE
    Total System Jitter     (TSJ):    0.050ns
    Total Input Jitter      (TIJ):    0.000ns
    Discrete Jitter          (DJ):    0.000ns
    Phase Error              (PE):    0.000ns

    Location             Delay type                Incr(ns)  Path(ns)    Netlist Resource(s)
  -------------------------------------------------------------------    -------------------
    N17                                               0.000     0.000 f  BTNC (IN)
                         net (fo=0)                   0.000     0.000    BTNC
    N17                  IBUF (Prop_ibuf_I_O)         1.477     1.477 f  BTNC_IBUF_inst/O
                         net (fo=63, routed)          2.497     3.974    top0/AR[0]
    SLICE_X2Y90          FDCE                                         f  top0/base_timer_r_reg[8]/CLR
  -------------------------------------------------------------------    -------------------

                         (clock sys_clk_pin rise edge)
                                                      0.000     0.000 r  
    E3                                                0.000     0.000 r  CLK100MHZ (IN)
                         net (fo=0)                   0.000     0.000    CLK100MHZ
    E3                   IBUF (Prop_ibuf_I_O)         1.411     1.411 r  CLK100MHZ_IBUF_inst/O
                         net (fo=1, routed)           1.920     3.331    CLK100MHZ_IBUF
    BUFGCTRL_X0Y16       BUFG (Prop_bufg_I_O)         0.091     3.422 r  CLK100MHZ_IBUF_BUFG_inst/O
                         net (fo=83, routed)          1.603     5.026    top0/CLK
    SLICE_X2Y90          FDCE                                         r  top0/base_timer_r_reg[8]/C

Slack:                    inf
  Source:                 BTNC
                            (input port)
  Destination:            top0/lfsr_r_reg[1]/PRE
                            (recovery check against rising-edge clock sys_clk_pin  {rise@0.000ns fall@5.000ns period=10.000ns})
  Path Group:             (none)
  Path Type:              Recovery (Max at Slow Process Corner)
  Data Path Delay:        3.687ns  (logic 1.477ns (40.047%)  route 2.211ns (59.953%))
  Logic Levels:           1  (IBUF=1)
  Clock Path Skew:        5.027ns (DCD - SCD + CPR)
    Destination Clock Delay (DCD):    5.027ns
    Source Clock Delay      (SCD):    0.000ns
    Clock Pessimism Removal (CPR):    0.000ns
  Clock Uncertainty:      0.025ns  ((TSJ^2 + TIJ^2)^1/2 + DJ) / 2 + PE
    Total System Jitter     (TSJ):    0.050ns
    Total Input Jitter      (TIJ):    0.000ns
    Discrete Jitter          (DJ):    0.000ns
    Phase Error              (PE):    0.000ns

    Location             Delay type                Incr(ns)  Path(ns)    Netlist Resource(s)
  -------------------------------------------------------------------    -------------------
    N17                                               0.000     0.000 f  BTNC (IN)
                         net (fo=0)                   0.000     0.000    BTNC
    N17                  IBUF (Prop_ibuf_I_O)         1.477     1.477 f  BTNC_IBUF_inst/O
                         net (fo=63, routed)          2.211     3.687    top0/AR[0]
    SLICE_X2Y91          FDPE                                         f  top0/lfsr_r_reg[1]/PRE
  -------------------------------------------------------------------    -------------------

                         (clock sys_clk_pin rise edge)
                                                      0.000     0.000 r  
    E3                                                0.000     0.000 r  CLK100MHZ (IN)
                         net (fo=0)                   0.000     0.000    CLK100MHZ
    E3                   IBUF (Prop_ibuf_I_O)         1.411     1.411 r  CLK100MHZ_IBUF_inst/O
                         net (fo=1, routed)           1.920     3.331    CLK100MHZ_IBUF
    BUFGCTRL_X0Y16       BUFG (Prop_bufg_I_O)         0.091     3.422 r  CLK100MHZ_IBUF_BUFG_inst/O
                         net (fo=83, routed)          1.604     5.027    top0/CLK
    SLICE_X2Y91          FDPE                                         r  top0/lfsr_r_reg[1]/C

Slack:                    inf
  Source:                 BTNC
                            (input port)
  Destination:            top0/lfsr_r_reg[2]/PRE
                            (recovery check against rising-edge clock sys_clk_pin  {rise@0.000ns fall@5.000ns period=10.000ns})
  Path Group:             (none)
  Path Type:              Recovery (Max at Slow Process Corner)
  Data Path Delay:        3.687ns  (logic 1.477ns (40.047%)  route 2.211ns (59.953%))
  Logic Levels:           1  (IBUF=1)
  Clock Path Skew:        5.027ns (DCD - SCD + CPR)
    Destination Clock Delay (DCD):    5.027ns
    Source Clock Delay      (SCD):    0.000ns
    Clock Pessimism Removal (CPR):    0.000ns
  Clock Uncertainty:      0.025ns  ((TSJ^2 + TIJ^2)^1/2 + DJ) / 2 + PE
    Total System Jitter     (TSJ):    0.050ns
    Total Input Jitter      (TIJ):    0.000ns
    Discrete Jitter          (DJ):    0.000ns
    Phase Error              (PE):    0.000ns

    Location             Delay type                Incr(ns)  Path(ns)    Netlist Resource(s)
  -------------------------------------------------------------------    -------------------
    N17                                               0.000     0.000 f  BTNC (IN)
                         net (fo=0)                   0.000     0.000    BTNC
    N17                  IBUF (Prop_ibuf_I_O)         1.477     1.477 f  BTNC_IBUF_inst/O
                         net (fo=63, routed)          2.211     3.687    top0/AR[0]
    SLICE_X2Y91          FDPE                                         f  top0/lfsr_r_reg[2]/PRE
  -------------------------------------------------------------------    -------------------

                         (clock sys_clk_pin rise edge)
                                                      0.000     0.000 r  
    E3                                                0.000     0.000 r  CLK100MHZ (IN)
                         net (fo=0)                   0.000     0.000    CLK100MHZ
    E3                   IBUF (Prop_ibuf_I_O)         1.411     1.411 r  CLK100MHZ_IBUF_inst/O
                         net (fo=1, routed)           1.920     3.331    CLK100MHZ_IBUF
    BUFGCTRL_X0Y16       BUFG (Prop_bufg_I_O)         0.091     3.422 r  CLK100MHZ_IBUF_BUFG_inst/O
                         net (fo=83, routed)          1.604     5.027    top0/CLK
    SLICE_X2Y91          FDPE                                         r  top0/lfsr_r_reg[2]/C





Min Delay Paths
--------------------------------------------------------------------------------------
Slack:                    inf
  Source:                 BTNC
                            (input port)
  Destination:            top0/base_timer_r_reg[0]/PRE
                            (removal check against rising-edge clock sys_clk_pin  {rise@0.000ns fall@5.000ns period=10.000ns})
  Path Group:             (none)
  Path Type:              Removal (Min at Fast Process Corner)
  Data Path Delay:        0.812ns  (logic 0.244ns (30.116%)  route 0.567ns (69.884%))
  Logic Levels:           1  (IBUF=1)
  Clock Path Skew:        2.040ns (DCD - SCD - CPR)
    Destination Clock Delay (DCD):    2.040ns
    Source Clock Delay      (SCD):    0.000ns
    Clock Pessimism Removal (CPR):    -0.000ns

    Location             Delay type                Incr(ns)  Path(ns)    Netlist Resource(s)
  -------------------------------------------------------------------    -------------------
    N17                                               0.000     0.000 f  BTNC (IN)
                         net (fo=0)                   0.000     0.000    BTNC
    N17                  IBUF (Prop_ibuf_I_O)         0.244     0.244 f  BTNC_IBUF_inst/O
                         net (fo=63, routed)          0.567     0.812    top0/AR[0]
    SLICE_X1Y89          FDPE                                         f  top0/base_timer_r_reg[0]/PRE
  -------------------------------------------------------------------    -------------------

                         (clock sys_clk_pin rise edge)
                                                      0.000     0.000 r  
    E3                                                0.000     0.000 r  CLK100MHZ (IN)
                         net (fo=0)                   0.000     0.000    CLK100MHZ
    E3                   IBUF (Prop_ibuf_I_O)         0.438     0.438 r  CLK100MHZ_IBUF_inst/O
                         net (fo=1, routed)           0.699     1.136    CLK100MHZ_IBUF
    BUFGCTRL_X0Y16       BUFG (Prop_bufg_I_O)         0.029     1.165 r  CLK100MHZ_IBUF_BUFG_inst/O
                         net (fo=83, routed)          0.875     2.040    top0/CLK
    SLICE_X1Y89          FDPE                                         r  top0/base_timer_r_reg[0]/C

Slack:                    inf
  Source:                 BTNC
                            (input port)
  Destination:            top0/base_timer_r_reg[17]/CLR
                            (removal check against rising-edge clock sys_clk_pin  {rise@0.000ns fall@5.000ns period=10.000ns})
  Path Group:             (none)
  Path Type:              Removal (Min at Fast Process Corner)
  Data Path Delay:        0.812ns  (logic 0.244ns (30.116%)  route 0.567ns (69.884%))
  Logic Levels:           1  (IBUF=1)
  Clock Path Skew:        2.040ns (DCD - SCD - CPR)
    Destination Clock Delay (DCD):    2.040ns
    Source Clock Delay      (SCD):    0.000ns
    Clock Pessimism Removal (CPR):    -0.000ns

    Location             Delay type                Incr(ns)  Path(ns)    Netlist Resource(s)
  -------------------------------------------------------------------    -------------------
    N17                                               0.000     0.000 f  BTNC (IN)
                         net (fo=0)                   0.000     0.000    BTNC
    N17                  IBUF (Prop_ibuf_I_O)         0.244     0.244 f  BTNC_IBUF_inst/O
                         net (fo=63, routed)          0.567     0.812    top0/AR[0]
    SLICE_X1Y89          FDCE                                         f  top0/base_timer_r_reg[17]/CLR
  -------------------------------------------------------------------    -------------------

                         (clock sys_clk_pin rise edge)
                                                      0.000     0.000 r  
    E3                                                0.000     0.000 r  CLK100MHZ (IN)
                         net (fo=0)                   0.000     0.000    CLK100MHZ
    E3                   IBUF (Prop_ibuf_I_O)         0.438     0.438 r  CLK100MHZ_IBUF_inst/O
                         net (fo=1, routed)           0.699     1.136    CLK100MHZ_IBUF
    BUFGCTRL_X0Y16       BUFG (Prop_bufg_I_O)         0.029     1.165 r  CLK100MHZ_IBUF_BUFG_inst/O
                         net (fo=83, routed)          0.875     2.040    top0/CLK
    SLICE_X1Y89          FDCE                                         r  top0/base_timer_r_reg[17]/C

Slack:                    inf
  Source:                 BTNC
                            (input port)
  Destination:            top0/base_timer_r_reg[18]/CLR
                            (removal check against rising-edge clock sys_clk_pin  {rise@0.000ns fall@5.000ns period=10.000ns})
  Path Group:             (none)
  Path Type:              Removal (Min at Fast Process Corner)
  Data Path Delay:        0.812ns  (logic 0.244ns (30.116%)  route 0.567ns (69.884%))
  Logic Levels:           1  (IBUF=1)
  Clock Path Skew:        2.040ns (DCD - SCD - CPR)
    Destination Clock Delay (DCD):    2.040ns
    Source Clock Delay      (SCD):    0.000ns
    Clock Pessimism Removal (CPR):    -0.000ns

    Location             Delay type                Incr(ns)  Path(ns)    Netlist Resource(s)
  -------------------------------------------------------------------    -------------------
    N17                                               0.000     0.000 f  BTNC (IN)
                         net (fo=0)                   0.000     0.000    BTNC
    N17                  IBUF (Prop_ibuf_I_O)         0.244     0.244 f  BTNC_IBUF_inst/O
                         net (fo=63, routed)          0.567     0.812    top0/AR[0]
    SLICE_X1Y89          FDCE                                         f  top0/base_timer_r_reg[18]/CLR
  -------------------------------------------------------------------    -------------------

                         (clock sys_clk_pin rise edge)
                                                      0.000     0.000 r  
    E3                                                0.000     0.000 r  CLK100MHZ (IN)
                         net (fo=0)                   0.000     0.000    CLK100MHZ
    E3                   IBUF (Prop_ibuf_I_O)         0.438     0.438 r  CLK100MHZ_IBUF_inst/O
                         net (fo=1, routed)           0.699     1.136    CLK100MHZ_IBUF
    BUFGCTRL_X0Y16       BUFG (Prop_bufg_I_O)         0.029     1.165 r  CLK100MHZ_IBUF_BUFG_inst/O
                         net (fo=83, routed)          0.875     2.040    top0/CLK
    SLICE_X1Y89          FDCE                                         r  top0/base_timer_r_reg[18]/C

Slack:                    inf
  Source:                 BTNC
                            (input port)
  Destination:            top0/base_timer_r_reg[19]/CLR
                            (removal check against rising-edge clock sys_clk_pin  {rise@0.000ns fall@5.000ns period=10.000ns})
  Path Group:             (none)
  Path Type:              Removal (Min at Fast Process Corner)
  Data Path Delay:        0.812ns  (logic 0.244ns (30.116%)  route 0.567ns (69.884%))
  Logic Levels:           1  (IBUF=1)
  Clock Path Skew:        2.040ns (DCD - SCD - CPR)
    Destination Clock Delay (DCD):    2.040ns
    Source Clock Delay      (SCD):    0.000ns
    Clock Pessimism Removal (CPR):    -0.000ns

    Location             Delay type                Incr(ns)  Path(ns)    Netlist Resource(s)
  -------------------------------------------------------------------    -------------------
    N17                                               0.000     0.000 f  BTNC (IN)
                         net (fo=0)                   0.000     0.000    BTNC
    N17                  IBUF (Prop_ibuf_I_O)         0.244     0.244 f  BTNC_IBUF_inst/O
                         net (fo=63, routed)          0.567     0.812    top0/AR[0]
    SLICE_X1Y89          FDCE                                         f  top0/base_timer_r_reg[19]/CLR
  -------------------------------------------------------------------    -------------------

                         (clock sys_clk_pin rise edge)
                                                      0.000     0.000 r  
    E3                                                0.000     0.000 r  CLK100MHZ (IN)
                         net (fo=0)                   0.000     0.000    CLK100MHZ
    E3                   IBUF (Prop_ibuf_I_O)         0.438     0.438 r  CLK100MHZ_IBUF_inst/O
                         net (fo=1, routed)           0.699     1.136    CLK100MHZ_IBUF
    BUFGCTRL_X0Y16       BUFG (Prop_bufg_I_O)         0.029     1.165 r  CLK100MHZ_IBUF_BUFG_inst/O
                         net (fo=83, routed)          0.875     2.040    top0/CLK
    SLICE_X1Y89          FDCE                                         r  top0/base_timer_r_reg[19]/C

Slack:                    inf
  Source:                 BTNC
                            (input port)
  Destination:            top0/base_timer_r_reg[20]/CLR
                            (removal check against rising-edge clock sys_clk_pin  {rise@0.000ns fall@5.000ns period=10.000ns})
  Path Group:             (none)
  Path Type:              Removal (Min at Fast Process Corner)
  Data Path Delay:        0.812ns  (logic 0.244ns (30.116%)  route 0.567ns (69.884%))
  Logic Levels:           1  (IBUF=1)
  Clock Path Skew:        2.040ns (DCD - SCD - CPR)
    Destination Clock Delay (DCD):    2.040ns
    Source Clock Delay      (SCD):    0.000ns
    Clock Pessimism Removal (CPR):    -0.000ns

    Location             Delay type                Incr(ns)  Path(ns)    Netlist Resource(s)
  -------------------------------------------------------------------    -------------------
    N17                                               0.000     0.000 f  BTNC (IN)
                         net (fo=0)                   0.000     0.000    BTNC
    N17                  IBUF (Prop_ibuf_I_O)         0.244     0.244 f  BTNC_IBUF_inst/O
                         net (fo=63, routed)          0.567     0.812    top0/AR[0]
    SLICE_X1Y89          FDCE                                         f  top0/base_timer_r_reg[20]/CLR
  -------------------------------------------------------------------    -------------------

                         (clock sys_clk_pin rise edge)
                                                      0.000     0.000 r  
    E3                                                0.000     0.000 r  CLK100MHZ (IN)
                         net (fo=0)                   0.000     0.000    CLK100MHZ
    E3                   IBUF (Prop_ibuf_I_O)         0.438     0.438 r  CLK100MHZ_IBUF_inst/O
                         net (fo=1, routed)           0.699     1.136    CLK100MHZ_IBUF
    BUFGCTRL_X0Y16       BUFG (Prop_bufg_I_O)         0.029     1.165 r  CLK100MHZ_IBUF_BUFG_inst/O
                         net (fo=83, routed)          0.875     2.040    top0/CLK
    SLICE_X1Y89          FDCE                                         r  top0/base_timer_r_reg[20]/C

Slack:                    inf
  Source:                 BTNC
                            (input port)
  Destination:            top0/base_timer_r_reg[11]/CLR
                            (removal check against rising-edge clock sys_clk_pin  {rise@0.000ns fall@5.000ns period=10.000ns})
  Path Group:             (none)
  Path Type:              Removal (Min at Fast Process Corner)
  Data Path Delay:        0.887ns  (logic 0.244ns (27.565%)  route 0.642ns (72.435%))
  Logic Levels:           1  (IBUF=1)
  Clock Path Skew:        2.041ns (DCD - SCD - CPR)
    Destination Clock Delay (DCD):    2.041ns
    Source Clock Delay      (SCD):    0.000ns
    Clock Pessimism Removal (CPR):    -0.000ns

    Location             Delay type                Incr(ns)  Path(ns)    Netlist Resource(s)
  -------------------------------------------------------------------    -------------------
    N17                                               0.000     0.000 f  BTNC (IN)
                         net (fo=0)                   0.000     0.000    BTNC
    N17                  IBUF (Prop_ibuf_I_O)         0.244     0.244 f  BTNC_IBUF_inst/O
                         net (fo=63, routed)          0.642     0.887    top0/AR[0]
    SLICE_X1Y90          FDCE                                         f  top0/base_timer_r_reg[11]/CLR
  -------------------------------------------------------------------    -------------------

                         (clock sys_clk_pin rise edge)
                                                      0.000     0.000 r  
    E3                                                0.000     0.000 r  CLK100MHZ (IN)
                         net (fo=0)                   0.000     0.000    CLK100MHZ
    E3                   IBUF (Prop_ibuf_I_O)         0.438     0.438 r  CLK100MHZ_IBUF_inst/O
                         net (fo=1, routed)           0.699     1.136    CLK100MHZ_IBUF
    BUFGCTRL_X0Y16       BUFG (Prop_bufg_I_O)         0.029     1.165 r  CLK100MHZ_IBUF_BUFG_inst/O
                         net (fo=83, routed)          0.876     2.041    top0/CLK
    SLICE_X1Y90          FDCE                                         r  top0/base_timer_r_reg[11]/C

Slack:                    inf
  Source:                 BTNC
                            (input port)
  Destination:            top0/base_timer_r_reg[12]/CLR
                            (removal check against rising-edge clock sys_clk_pin  {rise@0.000ns fall@5.000ns period=10.000ns})
  Path Group:             (none)
  Path Type:              Removal (Min at Fast Process Corner)
  Data Path Delay:        0.887ns  (logic 0.244ns (27.565%)  route 0.642ns (72.435%))
  Logic Levels:           1  (IBUF=1)
  Clock Path Skew:        2.041ns (DCD - SCD - CPR)
    Destination Clock Delay (DCD):    2.041ns
    Source Clock Delay      (SCD):    0.000ns
    Clock Pessimism Removal (CPR):    -0.000ns

    Location             Delay type                Incr(ns)  Path(ns)    Netlist Resource(s)
  -------------------------------------------------------------------    -------------------
    N17                                               0.000     0.000 f  BTNC (IN)
                         net (fo=0)                   0.000     0.000    BTNC
    N17                  IBUF (Prop_ibuf_I_O)         0.244     0.244 f  BTNC_IBUF_inst/O
                         net (fo=63, routed)          0.642     0.887    top0/AR[0]
    SLICE_X1Y90          FDCE                                         f  top0/base_timer_r_reg[12]/CLR
  -------------------------------------------------------------------    -------------------

                         (clock sys_clk_pin rise edge)
                                                      0.000     0.000 r  
    E3                                                0.000     0.000 r  CLK100MHZ (IN)
                         net (fo=0)                   0.000     0.000    CLK100MHZ
    E3                   IBUF (Prop_ibuf_I_O)         0.438     0.438 r  CLK100MHZ_IBUF_inst/O
                         net (fo=1, routed)           0.699     1.136    CLK100MHZ_IBUF
    BUFGCTRL_X0Y16       BUFG (Prop_bufg_I_O)         0.029     1.165 r  CLK100MHZ_IBUF_BUFG_inst/O
                         net (fo=83, routed)          0.876     2.041    top0/CLK
    SLICE_X1Y90          FDCE                                         r  top0/base_timer_r_reg[12]/C

Slack:                    inf
  Source:                 BTNC
                            (input port)
  Destination:            top0/base_timer_r_reg[13]/CLR
                            (removal check against rising-edge clock sys_clk_pin  {rise@0.000ns fall@5.000ns period=10.000ns})
  Path Group:             (none)
  Path Type:              Removal (Min at Fast Process Corner)
  Data Path Delay:        0.887ns  (logic 0.244ns (27.565%)  route 0.642ns (72.435%))
  Logic Levels:           1  (IBUF=1)
  Clock Path Skew:        2.041ns (DCD - SCD - CPR)
    Destination Clock Delay (DCD):    2.041ns
    Source Clock Delay      (SCD):    0.000ns
    Clock Pessimism Removal (CPR):    -0.000ns

    Location             Delay type                Incr(ns)  Path(ns)    Netlist Resource(s)
  -------------------------------------------------------------------    -------------------
    N17                                               0.000     0.000 f  BTNC (IN)
                         net (fo=0)                   0.000     0.000    BTNC
    N17                  IBUF (Prop_ibuf_I_O)         0.244     0.244 f  BTNC_IBUF_inst/O
                         net (fo=63, routed)          0.642     0.887    top0/AR[0]
    SLICE_X1Y90          FDCE                                         f  top0/base_timer_r_reg[13]/CLR
  -------------------------------------------------------------------    -------------------

                         (clock sys_clk_pin rise edge)
                                                      0.000     0.000 r  
    E3                                                0.000     0.000 r  CLK100MHZ (IN)
                         net (fo=0)                   0.000     0.000    CLK100MHZ
    E3                   IBUF (Prop_ibuf_I_O)         0.438     0.438 r  CLK100MHZ_IBUF_inst/O
                         net (fo=1, routed)           0.699     1.136    CLK100MHZ_IBUF
    BUFGCTRL_X0Y16       BUFG (Prop_bufg_I_O)         0.029     1.165 r  CLK100MHZ_IBUF_BUFG_inst/O
                         net (fo=83, routed)          0.876     2.041    top0/CLK
    SLICE_X1Y90          FDCE                                         r  top0/base_timer_r_reg[13]/C

Slack:                    inf
  Source:                 BTNC
                            (input port)
  Destination:            top0/base_timer_r_reg[14]/CLR
                            (removal check against rising-edge clock sys_clk_pin  {rise@0.000ns fall@5.000ns period=10.000ns})
  Path Group:             (none)
  Path Type:              Removal (Min at Fast Process Corner)
  Data Path Delay:        0.887ns  (logic 0.244ns (27.565%)  route 0.642ns (72.435%))
  Logic Levels:           1  (IBUF=1)
  Clock Path Skew:        2.041ns (DCD - SCD - CPR)
    Destination Clock Delay (DCD):    2.041ns
    Source Clock Delay      (SCD):    0.000ns
    Clock Pessimism Removal (CPR):    -0.000ns

    Location             Delay type                Incr(ns)  Path(ns)    Netlist Resource(s)
  -------------------------------------------------------------------    -------------------
    N17                                               0.000     0.000 f  BTNC (IN)
                         net (fo=0)                   0.000     0.000    BTNC
    N17                  IBUF (Prop_ibuf_I_O)         0.244     0.244 f  BTNC_IBUF_inst/O
                         net (fo=63, routed)          0.642     0.887    top0/AR[0]
    SLICE_X1Y90          FDCE                                         f  top0/base_timer_r_reg[14]/CLR
  -------------------------------------------------------------------    -------------------

                         (clock sys_clk_pin rise edge)
                                                      0.000     0.000 r  
    E3                                                0.000     0.000 r  CLK100MHZ (IN)
                         net (fo=0)                   0.000     0.000    CLK100MHZ
    E3                   IBUF (Prop_ibuf_I_O)         0.438     0.438 r  CLK100MHZ_IBUF_inst/O
                         net (fo=1, routed)           0.699     1.136    CLK100MHZ_IBUF
    BUFGCTRL_X0Y16       BUFG (Prop_bufg_I_O)         0.029     1.165 r  CLK100MHZ_IBUF_BUFG_inst/O
                         net (fo=83, routed)          0.876     2.041    top0/CLK
    SLICE_X1Y90          FDCE                                         r  top0/base_timer_r_reg[14]/C

Slack:                    inf
  Source:                 BTNC
                            (input port)
  Destination:            top0/lfsr_r_reg[0]/CLR
                            (removal check against rising-edge clock sys_clk_pin  {rise@0.000ns fall@5.000ns period=10.000ns})
  Path Group:             (none)
  Path Type:              Removal (Min at Fast Process Corner)
  Data Path Delay:        0.891ns  (logic 0.244ns (27.430%)  route 0.647ns (72.570%))
  Logic Levels:           1  (IBUF=1)
  Clock Path Skew:        2.041ns (DCD - SCD - CPR)
    Destination Clock Delay (DCD):    2.041ns
    Source Clock Delay      (SCD):    0.000ns
    Clock Pessimism Removal (CPR):    -0.000ns

    Location             Delay type                Incr(ns)  Path(ns)    Netlist Resource(s)
  -------------------------------------------------------------------    -------------------
    N17                                               0.000     0.000 f  BTNC (IN)
                         net (fo=0)                   0.000     0.000    BTNC
    N17                  IBUF (Prop_ibuf_I_O)         0.244     0.244 f  BTNC_IBUF_inst/O
                         net (fo=63, routed)          0.647     0.891    top0/AR[0]
    SLICE_X0Y90          FDCE                                         f  top0/lfsr_r_reg[0]/CLR
  -------------------------------------------------------------------    -------------------

                         (clock sys_clk_pin rise edge)
                                                      0.000     0.000 r  
    E3                                                0.000     0.000 r  CLK100MHZ (IN)
                         net (fo=0)                   0.000     0.000    CLK100MHZ
    E3                   IBUF (Prop_ibuf_I_O)         0.438     0.438 r  CLK100MHZ_IBUF_inst/O
                         net (fo=1, routed)           0.699     1.136    CLK100MHZ_IBUF
    BUFGCTRL_X0Y16       BUFG (Prop_bufg_I_O)         0.029     1.165 r  CLK100MHZ_IBUF_BUFG_inst/O
                         net (fo=83, routed)          0.876     2.041    top0/CLK
    SLICE_X0Y90          FDCE                                         r  top0/lfsr_r_reg[0]/C





